year,country1,country2,firstServe1,firstServe2,ace1,ace2,firstPointWon1,firstPointWon2,secPointWon1,secPointWon2,avgFirstServe1,avgFirstServe2,winner1,winner2,error1,error2
2004,SVK,FRA,0.62,0.76,6,0,0.54,0.59,0.45,0.35,,,62,19,82,21
2007,USA,SRB,0.61,0.74,9,0,0.73,0.62,0.41,0.36,173,146,60,17,56,24
2006,SRB,RUS,0.51,0.6,9,0,0.84,0.54,0.4,0.55,162,160,55,16,42,18
2009,USA,RUS,0.54,0.6,11,0,0.73,0.59,0.36,0.35,173,162,53,19,54,30
2006,CHN,FRA,0.66,0.74,9,3,0.65,0.52,0.56,0.3,159,162,51,14,38,25
2006,USA,SLO,0.61,0.66,10,3,0.68,0.76,0.5,0.32,164,157,50,24,40,20
2010,SVK,USA,0.58,0.62,9,1,0.68,0.54,0.47,0.6,156,144,50,32,42,31
2011,AUS,RUS,0.72,0.59,6,7,0.73,0.72,0.42,0.44,162,164,48,37,44,45
2003,FRA,AUS,0.7,0.57,13,7,0.65,0.65,0.67,0.46,157,154,47,40,31,39
2009,CZE,RUS,0.59,0.63,3,2,0.51,0.67,0.57,0.32,148,152,47,12,59,39
2010,CHN,POL,0.66,0.6,7,3,0.7,0.63,0.48,0.5,159,146,47,25,30,18
2007,RUS,FRA,0.72,0.82,4,0,0.67,0.53,0.53,0.21,152,130,46,6,34,9
2005,IND,FRA,0.49,0.75,5,1,0.72,0.6,0.39,0.39,156,141,45,3,49,14
2005,USA,AUS,0.64,0.67,2,1,0.59,0.56,0.43,0.43,154,144,45,37,44,35
2006,CHN,ESP,0.74,0.58,4,3,0.6,0.57,0.53,0.34,157,160,45,15,30,13
2009,KAZ,SRB,0.56,0.63,6,4,0.63,0.53,0.42,0.51,164,159,45,27,48,39
2004,RUS,USA,0.71,0.77,1,1,0.59,0.56,0.39,0.29,,,44,15,53,33
2008,USA,SRB,0.62,0.68,3,3,0.6,0.54,0.54,0.43,167,159,44,15,39,22
2009,RUS,POL,0.64,0.6,4,2,0.68,0.74,0.41,0.42,159,141,44,19,35,23
2009,GER,FRA,0.5,0.52,3,2,0.75,0.54,0.46,0.56,160,149,44,17,52,37
2009,AUS,JPN,0.56,0.63,3,1,0.61,0.6,0.39,0.37,151,148,44,12,58,23
2010,RUS,AUT,0.61,0.73,5,1,0.68,0.6,0.59,0.42,156,141,44,14,47,31
2011,GER,POL,0.61,0.65,1,3,0.61,0.53,0.44,0.45,152,148,43,28,41,28
2004,RUS,FRA,0.55,0.51,0,3,0.61,0.65,0.44,0.35,,,41,26,48,34
2011,ITA,CHN,0.57,0.65,9,1,0.64,0.59,0.35,0.33,157,143,41,25,34,33
2004,RUS,FRA,0.65,0.65,13,4,0.83,0.7,0.73,0.48,,,40,19,19,18
2004,RUS,COL,0.43,0.57,10,1,0.8,0.64,0.45,0.36,,,40,12,38,23
2008,SUI,SLO,0.63,0.49,4,5,0.66,0.73,0.58,0.47,149,160,40,45,21,23
2004,RUS,ITA,0.49,0.74,7,0,0.65,0.61,0.64,0.62,,,39,22,49,20
2006,SUI,CHN,0.67,0.54,1,5,0.67,0.63,0.35,0.41,148,157,39,42,28,38
2009,BEL,FRA,0.64,0.6,4,2,0.64,0.5,0.53,0.43,159,154,39,13,34,34
2011,USA,BLR,0.49,0.64,12,1,0.71,0.63,0.66,0.44,170,154,39,18,24,22
2011,CRO,CZE,0.6,0.65,4,2,0.77,0.73,0.58,0.45,156,154,39,28,30,30
2007,AUT,SUI,0.66,0.68,0,3,0.68,0.59,0.58,0.44,143,146,38,26,34,42
2007,RUS,AUS,0.54,0.6,5,1,0.71,0.49,0.5,0.57,156,151,38,9,30,6
2007,USA,GER,0.63,0.65,7,2,0.85,0.63,0.48,0.47,172,151,38,12,26,12
2011,AUS,RUS,0.56,0.75,2,2,0.66,0.54,0.6,0.5,156,151,38,23,31,28
2003,BEL,USA,0.46,0.69,4,5,0.6,0.58,0.49,0.45,162,154,37,28,69,43
2003,RUS,ITA,0.56,0.64,6,0,0.51,0.54,0.43,0.33,143,128,37,24,54,41
2003,RUS,USA,0.57,0.7,4,1,0.66,0.39,0.43,0.66,148,136,37,16,41,39
2003,SVK,FRA,0.61,0.58,5,1,0.73,0.47,0.42,0.39,152,146,37,8,32,16
2004,USA,USA,0.51,0.6,5,0,0.61,0.45,0.47,0.52,,,37,17,46,32
2006,ITA,IND,0.51,0.48,6,1,0.64,0.56,0.51,0.44,159,152,37,27,33,45
2006,SUI,FRA,0.51,0.69,6,3,0.64,0.62,0.51,0.45,152,148,37,19,36,23
2006,SRB,RUS,0.74,0.62,4,1,0.64,0.57,0.48,0.39,152,151,37,41,24,46
2010,AUS,ITA,0.62,0.82,7,0,0.69,0.48,0.5,0.45,164,135,37,10,29,12
2010,RUS,JPN,0.61,0.56,11,1,0.72,0.49,0.38,0.44,159,151,37,20,35,30
2003,USA,SLO,0.55,0.66,7,1,0.81,0.58,0.56,0.39,164,143,36,13,24,24
2004,USA,SVK,0.7,0.55,8,1,0.93,0.53,0.5,0.44,,,36,7,17,13
2005,IND,ITA,0.52,0.72,0,0,0.5,0.52,0.54,0.54,143,143,36,7,56,28
2006,RUS,USA,0.59,0.62,5,2,0.76,0.52,0.38,0.47,160,164,36,11,33,23
2006,FRA,ITA,0.65,0.63,8,3,0.66,0.65,0.47,0.42,167,170,36,33,29,32
2006,RUS,FRA,0.64,0.64,8,2,0.7,0.6,0.37,0.38,167,167,36,19,32,22
2007,USA,ITA,0.53,0.47,9,3,0.71,0.68,0.39,0.42,160,165,36,34,49,38
2008,AUT,FRA,0.7,0.64,0,2,0.54,0.55,0.45,0.56,146,149,36,19,65,37
2009,BEL,DEN,0.62,0.68,3,0,0.62,0.53,0.47,0.3,160,143,36,10,34,21
2009,BEL,ITA,0.69,0.66,3,0,0.77,0.64,0.69,0.48,157,128,36,9,34,15
2009,RUS,GER,0.67,0.6,4,0,0.66,0.52,0.38,0.39,154,162,36,23,38,43
2011,GER,ROU,0.66,0.91,1,0,0.64,0.47,0.5,0.83,144,107,36,10,36,19
2004,RUS,USA,0.56,0.6,10,2,0.78,0.69,0.6,0.51,,,35,14,44,27
2004,USA,CZE,0.64,0.71,7,0,0.83,0.57,0.63,0.27,,,35,3,17,13
2005,USA,ESP,0.59,0.8,2,1,0.6,0.51,0.58,0.27,165,148,35,13,24,11
2006,SVK,USA,0.56,0.54,5,5,0.64,0.73,0.61,0.29,160,164,35,24,22,25
2006,RUS,RUS,0.59,0.61,1,0,0.76,0.49,0.38,0.43,151,156,35,11,29,21
2006,USA,SUI,0.63,0.63,3,6,0.58,0.6,0.68,0.4,160,152,35,19,25,14
2007,USA,USA,0.54,0.56,7,2,0.8,0.57,0.44,0.56,165,156,35,38,33,49
2010,AUS,RUS,0.62,0.75,4,2,0.6,0.51,0.34,0.5,157,151,35,19,58,38
2010,FRA,SVK,0.58,0.57,4,2,0.73,0.77,0.39,0.3,148,172,35,31,41,43
2003,RUS,ESP,0.69,0.48,0,1,0.62,0.68,0.46,0.51,131,168,34,32,36,35
2003,FRA,JPN,0.56,0.71,3,1,0.8,0.6,0.48,0.19,151,139,34,14,23,14
2004,RUS,RUS,0.56,0.72,3,0,0.63,0.55,0.63,0.35,,,34,7,35,15
2004,BEL,ISR,0.44,0.6,2,2,0.65,0.43,0.38,0.36,,,34,18,47,39
2005,RUS,USA,0.63,0.63,1,2,0.64,0.6,0.32,0.33,156,165,34,24,43,56
2005,FRA,ITA,0.71,0.72,6,0,0.84,0.55,0.62,0.47,165,159,34,13,9,13
2006,CZE,USA,0.66,0.67,10,0,0.73,0.68,0.74,0.5,162,143,34,10,27,17
2006,USA,ESP,0.57,0.72,3,1,0.87,0.53,0.71,0.36,170,149,34,3,20,10
2006,JPN,ITA,0.67,0.52,1,6,0.54,0.55,0.42,0.38,154,159,34,31,48,36
2006,SRB,JPN,0.47,0.55,3,0,0.83,0.69,0.52,0.43,165,151,34,5,32,15
2006,BEL,SRB,0.54,0.73,4,0,0.68,0.48,0.3,0.33,164,156,34,24,39,38
2010,GER,USA,0.7,0.67,2,5,0.62,0.61,0.4,0.37,148,152,34,42,36,35
2011,USA,DEN,0.62,0.67,11,1,0.78,0.55,0.32,0.37,172,156,34,5,34,12
2003,ITA,SLO,0.54,0.62,2,3,0.65,0.57,0.35,0.32,152,149,33,17,39,25
2003,AUS,SUI,0.73,0.57,2,1,0.7,0.69,0.47,0.23,151,146,33,13,24,13
2004,USA,RUS,0.72,0.64,4,3,0.67,0.54,0.44,0.38,,,33,24,24,28
2006,RUS,NED,0.82,0.43,10,3,0.86,0.54,0.67,0.44,167,164,33,10,13,9
2006,BEL,JPN,0.59,0.63,4,0,0.7,0.44,0.42,0.32,165,154,33,11,29,27
2007,BLR,SUI,0.68,0.68,3,1,0.68,0.46,0.42,0.41,157,148,33,21,30,25
2007,IND,USA,0.66,0.68,6,3,0.59,0.49,0.36,0.38,157,162,33,18,33,20
2007,USA,FRA,0.61,0.63,6,1,0.74,0.67,0.48,0.63,160,159,33,11,37,18
2008,USA,POL,0.53,0.66,4,0,0.77,0.55,0.43,0.32,172,146,33,11,31,13
2005,BEL,KOR,0.69,0.67,1,0,0.69,0.51,0.25,0.32,162,133,32,9,28,17
2005,FRA,SLO,0.72,0.7,4,1,0.79,0.66,0.85,0.29,162,156,32,11,12,13
2007,USA,FRA,0.73,0.67,10,3,0.75,0.68,0.44,0.47,173,157,32,10,22,13
2007,RUS,JPN,0.65,0.56,6,1,0.75,0.56,0.26,0.56,159,156,32,16,44,30
2009,SVK,SUI,0.63,0.55,2,6,0.75,0.66,0.55,0.44,151,156,32,31,35,38
2009,RUS,FRA,0.63,0.86,3,0,0.7,0.42,0.61,0.33,152,135,32,6,19,11
2009,SVK,USA,0.66,0.49,5,8,0.68,0.56,0.69,0.58,151,165,32,22,30,35
2010,USA,ITA,0.56,0.64,10,2,0.83,0.57,0.46,0.38,176,156,32,12,20,12
2011,RUS,UKR,0.58,0.71,2,3,0.6,0.6,0.58,0.42,162,149,32,20,46,42
2004,RUS,USA,0.51,0.61,8,1,0.68,0.57,0.49,0.49,,,31,16,29,25
2005,RUS,USA,0.59,0.57,4,0,0.79,0.61,0.65,0.48,165,159,31,9,24,17
2007,HUN,UKR,0.62,0.6,1,4,0.7,0.54,0.31,0.45,162,159,31,20,34,29
2009,BEL,UKR,0.6,0.62,1,2,0.65,0.6,0.5,0.34,160,156,31,15,35,31
2010,BEL,SUI,0.69,0.69,1,4,0.56,0.53,0.46,0.55,157,146,31,40,47,41
2011,ITA,RSA,0.45,0.62,4,3,0.67,0.62,0.47,0.39,157,156,31,29,49,46
2003,ITA,JPN,0.51,0.56,2,3,0.7,0.52,0.4,0.49,165,151,30,19,57,46
2003,JPN,AUS,0.73,0.66,0,0,0.56,0.49,0.43,0.45,146,139,30,8,60,33
2003,USA,RUS,0.57,0.73,5,2,0.74,0.7,0.56,0.32,160,146,30,27,28,37
2004,USA,RUS,0.58,0.73,7,4,0.89,0.7,0.59,0.4,,,30,20,20,22
2004,ITA,USA,0.49,0.73,6,1,0.79,0.55,0.57,0.61,,,30,16,12,22
2004,USA,ESP,0.56,0.54,7,3,0.69,0.52,0.52,0.36,,,30,8,23,12
2005,USA,FRA,0.71,0.69,7,1,0.8,0.42,0.6,0.38,165,154,30,15,8,15
2005,FRA,FRA,0.72,0.52,2,1,0.65,0.63,0.39,0.55,146,164,30,24,40,37
2006,RUS,FRA,0.64,0.59,7,0,0.77,0.12,0.53,0.25,162,151,30,1,16,14
2006,USA,SVK,0.62,0.63,9,7,0.71,0.6,0.65,0.46,173,157,30,25,16,27
2007,BEL,USA,0.5,0.56,4,4,0.79,0.57,0.53,0.56,168,170,30,17,22,28
2007,USA,UKR,0.51,0.7,4,0,0.69,0.39,0.4,0.29,175,148,30,5,26,14
2007,RUS,AUS,0.59,0.69,3,1,0.78,0.32,0.56,0.27,164,149,30,2,15,10
2007,RUS,ITA,0.53,0.56,3,0,0.79,0.36,0.76,0.35,164,162,30,3,10,11
2009,ITA,RUS,0.45,0.61,4,1,0.57,0.57,0.53,0.39,159,152,30,19,37,40
2009,ITA,BLR,0.57,0.8,4,1,0.67,0.56,0.5,0.26,157,139,30,18,32,46
2009,USA,ESP,0.64,0.64,7,3,0.78,0.64,0.55,0.39,167,164,30,18,17,18
2009,USA,RUS,0.65,0.65,0,2,0.65,0.61,0.35,0.37,151,151,30,22,44,37
2010,RUS,RUS,0.65,0.75,2,3,0.71,0.71,0.61,0.35,152,151,30,12,30,16
2011,AUS,GER,0.72,0.65,0,2,0.66,0.64,0.35,0.43,156,148,30,16,27,18
2011,RUS,ITA,0.57,0.5,1,7,0.62,0.67,0.4,0.31,154,165,30,38,46,49
2011,GER,ESP,0.59,0.65,5,0,0.76,0.53,0.55,0.33,159,151,30,3,23,13
2004,SUI,SVK,0.58,0.58,3,5,0.62,0.58,0.47,0.47,,,29,45,32,57
2004,USA,ITA,0.61,0.64,1,0,0.59,0.44,0.41,0.5,152,138,29,22,38,31
2004,USA,USA,0.54,0.58,8,0,0.86,0.66,0.38,0.26,,,29,12,17,21
2004,AUS,FRA,0.6,0.68,8,1,0.7,0.5,0.72,0.31,,,29,17,14,15
2005,GER,PUR,0.59,0.62,9,0,0.64,0.46,0.52,0.42,167,141,29,4,28,21
2007,BEL,USA,0.59,0.59,2,4,0.66,0.6,0.62,0.39,170,173,29,26,22,35
2009,RUS,ISR,0.51,0.7,4,2,0.72,0.56,0.53,0.42,152,148,29,15,24,25
2009,USA,USA,0.59,0.53,2,2,0.74,0.63,0.48,0.41,170,159,29,9,24,20
2009,RUS,BUL,0.52,0.55,1,0,0.63,0.5,0.64,0.3,167,152,29,6,22,11
2010,ITA,UKR,0.57,0.75,2,0,0.68,0.6,0.69,0.44,159,141,29,13,25,24
2010,USA,LUX,0.48,0.63,3,0,0.82,0.47,0.42,0.31,178,154,29,5,30,18
2010,GER,RUS,0.65,0.53,8,10,0.77,0.71,0.55,0.45,149,170,29,36,31,52
2011,GER,UKR,0.56,0.68,5,1,0.84,0.54,0.46,0.5,165,141,29,9,32,17
2011,AUS,CZE,0.49,0.48,6,2,0.86,0.61,0.35,0.53,168,149,29,13,57,33
2003,USA,RUS,0.55,0.65,1,1,0.59,0.48,0.53,0.35,159,149,28,14,22,28
2003,USA,SVK,0.54,0.57,1,0,0.77,0.41,0.47,0.38,154,144,28,4,23,22
2004,RUS,SRB,0.58,0.53,3,1,0.67,0.49,0.54,0.46,164,151,28,7,33,25
2004,USA,RUS,0.68,0.55,6,2,0.73,0.65,0.46,0.51,164,152,28,15,34,23
2004,JPN,USA,0.7,0.58,4,0,0.65,0.53,0.52,0.45,,,28,9,29,21
2004,COL,ITA,0.5,0.6,3,0,0.75,0.63,0.56,0.44,,,28,22,39,53
2004,ARG,THA,0.57,0.58,9,4,0.71,0.51,0.47,0.56,,,28,12,37,38
2005,RUS,RUS,0.71,0.58,3,4,0.61,0.56,0.7,0.56,160,170,28,22,48,50
2005,GER,USA,0.52,0.66,2,0,0.81,0.5,0.54,0.27,152,156,28,13,15,24
2005,KAZ,USA,0.63,0.53,0,12,0.63,0.72,0.38,0.4,151,170,28,31,43,47
2005,USA,AUS,0.58,0.64,4,1,0.79,0.57,0.6,0.64,159,164,28,16,18,22
2007,RUS,ESP,0.64,0.57,6,0,0.82,0.54,0.44,0.38,157,148,28,4,21,9
2007,SRB,FRA,0.7,0.64,0,0,0.57,0.49,0.39,0.39,146,154,28,36,30,36
2007,SRB,RUS,0.66,0.6,6,0,0.77,0.54,0.63,0.48,168,170,28,8,17,13
2007,IND,EST,0.59,0.49,8,2,0.81,0.62,0.54,0.53,159,162,28,25,32,43
2010,USA,ISR,0.48,0.62,6,0,0.81,0.48,0.41,0.53,178,148,28,20,25,22
2010,ITA,JPN,0.48,0.67,2,0,0.84,0.41,0.67,0.36,162,146,28,6,15,17
2010,BLR,ROU,0.72,0.71,1,0,0.62,0.51,0.63,0.33,144,138,28,12,32,32
2011,RUS,BLR,0.7,0.59,0,0,0.76,0.46,0.57,0.33,164,148,28,2,23,6
2003,BEL,HUN,0.5,0.56,4,0,0.74,0.48,0.5,0.58,165,128,27,13,31,26
2004,JPN,ISR,0.75,0.65,3,0,0.55,0.51,0.39,0.32,,,27,5,55,28
2005,USA,SVK,0.65,0.5,3,2,0.74,0.61,0.34,0.46,173,164,27,15,23,21
2005,SUI,SVK,0.67,0.72,1,1,0.64,0.57,0.54,0.5,146,148,27,13,38,32
2005,BEL,ESP,0.53,0.6,2,1,0.85,0.54,0.45,0.48,164,162,27,3,22,20
2006,SUI,ISR,0.59,0.52,3,0,0.76,0.41,0.7,0.5,154,143,27,1,23,14
2009,USA,SVK,0.73,0.6,8,3,0.85,0.55,0.6,0.32,168,154,27,9,13,17
2009,RUS,LAT,0.63,0.44,5,0,0.65,0.56,0.7,0.41,157,156,27,6,30,26
2009,RUS,USA,0.57,0.62,4,1,0.75,0.49,0.52,0.57,159,143,27,14,36,24
2010,EST,BEL,0.58,0.61,5,3,0.66,0.61,0.43,0.46,157,157,27,20,46,42
2010,EST,FRA,0.71,0.55,0,0,0.66,0.49,0.42,0.39,157,149,27,8,42,27
2010,SRB,RUS,0.54,0.56,5,4,0.77,0.67,0.65,0.46,165,164,27,9,20,22
2011,GER,USA,0.56,0.67,3,0,0.8,0.31,0.45,0.31,164,144,27,9,16,16
2011,ESP,JPN,0.52,0.56,3,1,0.67,0.61,0.4,0.34,154,143,27,36,29,46
2003,BEL,CRO,0.51,0.51,3,1,0.79,0.41,0.61,0.35,170,146,26,8,14,16
2003,LUX,USA,0.55,0.55,3,3,0.67,0.51,0.49,0.43,146,149,26,13,44,47
2003,RUS,ESP,0.48,0.67,5,0,0.85,0.46,0.46,0.4,154,139,26,4,21,14
2003,FRA,USA,0.75,0.72,1,11,0.71,0.69,0.54,0.43,139,172,26,31,30,50
2004,RUS,USA,0.59,0.7,7,7,0.73,0.67,0.46,0.41,,,26,26,18,20
2004,JPN,GRE,0.66,0.72,1,0,0.59,0.64,0.5,0.34,,,26,27,53,58
2004,FRA,RUS,0.56,0.59,2,5,0.71,0.68,0.66,0.36,,,26,37,22,47
2005,JPN,UKR,0.65,0.72,1,1,0.72,0.59,0.55,0.56,151,138,26,25,44,43
2006,FRA,USA,0.7,0.65,8,1,0.72,0.51,0.5,0.58,170,157,26,13,20,15
2006,RUS,ARG,0.64,0.54,8,1,0.76,0.62,0.43,0.32,175,164,26,5,21,16
2006,RUS,AUS,0.61,0.67,3,0,0.68,0.45,0.42,0.21,162,152,26,12,18,21
2007,FRA,ITA,0.53,0.6,7,2,0.74,0.46,0.48,0.42,159,152,26,16,22,19
2007,UKR,SVK,0.56,0.66,3,4,0.71,0.69,0.49,0.29,160,154,26,38,16,32
2010,BEL,USA,0.68,0.6,1,9,0.71,0.74,0.5,0.5,154,178,26,27,43,50
2010,RUS,LAT,0.59,0.55,2,2,0.84,0.58,0.36,0.4,162,156,26,11,22,25
2010,AUS,RUS,0.64,0.6,0,7,0.69,0.61,0.63,0.5,162,165,26,16,37,32
2011,USA,RUS,0.63,0.58,6,1,0.83,0.61,0.33,0.15,164,157,26,13,23,31
2003,BEL,RUS,0.66,0.6,1,2,0.68,0.48,0.53,0.24,164,154,25,14,11,13
2003,FRA,RUS,0.49,0.65,4,0,0.74,0.65,0.79,0.33,162,138,25,9,17,17
2003,USA,HUN,0.66,0.68,4,0,0.83,0.4,0.53,0.33,154,136,25,9,10,12
2003,FRA,INA,0.66,0.55,5,0,0.84,0.42,0.38,0.41,162,138,25,6,26,25
2004,USA,FRA,0.61,0.54,6,1,0.73,0.52,0.38,0.54,,,25,8,42,24
2004,RUS,AUS,0.55,0.48,5,0,0.78,0.61,0.69,0.52,,,25,5,33,22
2005,VEN,ISR,0.62,0.52,1,2,0.63,0.55,0.45,0.43,146,148,25,32,36,42
2005,ITA,FIN,0.61,0.69,6,0,0.73,0.44,0.62,0.5,160,144,25,5,21,20
2005,USA,COL,0.67,0.72,2,4,0.76,0.53,0.63,0.44,164,157,25,7,25,17
2005,CZE,CHN,0.65,0.69,7,1,0.86,0.42,0.47,0.53,160,133,25,6,16,10
2006,USA,CZE,0.66,0.65,9,1,0.8,0.56,0.5,0.35,164,146,25,15,12,17
2006,FRA,RUS,0.73,0.52,2,5,0.9,0.62,0.64,0.38,164,164,25,16,7,15
2006,FRA,USA,0.7,0.58,2,1,0.7,0.57,0.33,0.45,168,172,25,22,22,35
2007,BEL,RUS,0.57,0.75,4,1,0.82,0.54,0.46,0.5,168,156,25,11,21,29
2007,UKR,RUS,0.6,0.53,4,3,0.76,0.58,0.48,0.41,152,162,25,18,22,25
2007,CZE,ITA,0.63,0.56,3,2,0.77,0.54,0.31,0.36,165,154,25,11,22,23
2007,SUI,FRA,0.64,0.5,3,2,0.82,0.52,0.42,0.43,152,164,25,12,15,22
2007,USA,ITA,0.64,0.59,7,0,0.81,0.65,0.67,0.43,165,152,25,10,19,20
2007,ESP,KOR,0.75,0.78,0,0,0.65,0.53,0.33,0.43,135,130,25,35,27,48
2007,RUS,FRA,0.56,0.6,3,1,0.71,0.57,0.47,0.4,162,167,25,14,25,17
2008,RUS,ITA,0.58,0.63,3,3,0.83,0.56,0.41,0.45,164,164,25,13,19,8
2009,CHN,RUS,0.63,0.52,4,0,0.65,0.54,0.55,0.38,157,157,25,9,22,19
2009,SVK,USA,0.6,0.64,1,0,0.81,0.5,0.56,0.5,159,144,25,12,12,13
2009,RUS,RUS,0.68,0.64,4,1,0.73,0.65,0.67,0.37,156,151,25,13,21,29
2009,USA,HUN,0.63,0.72,5,3,0.77,0.45,0.67,0.33,167,154,25,10,9,20
2010,BEL,AUS,0.65,0.55,5,2,0.66,0.6,0.39,0.37,154,159,25,23,43,36
2010,ROU,SWE,0.75,0.68,1,0,0.62,0.56,0.53,0.4,146,143,25,10,39,43
2010,FRA,FRA,0.68,0.44,2,1,0.65,0.55,0.53,0.44,154,165,25,8,23,28
2011,AUS,RUS,0.65,0.67,2,2,0.84,0.63,0.59,0.56,,,25,9,17,14
2011,RUS,ESP,0.58,0.56,6,2,0.8,0.7,0.5,0.47,159,154,25,17,35,27
2011,RUS,GBR,0.63,0.6,7,5,0.7,0.63,0.63,0.44,149,160,25,14,19,28
2011,USA,NED,0.61,0.44,10,1,0.91,0.53,0.53,0.21,167,167,25,5,10,18
2003,RUS,RSA,0.44,0.54,6,0,0.83,0.44,0.65,0.33,175,138,24,2,12,11
2003,BEL,USA,0.65,0.53,3,0,0.81,0.48,0.47,0.32,152,154,24,5,15,15
2004,USA,USA,0.67,0.56,5,3,0.75,0.67,0.48,0.5,,,24,32,20,42
2004,USA,SUI,0.55,0.69,12,1,0.81,0.65,0.6,0.4,,,24,9,17,19
2004,FRA,FRA,0.68,0.5,0,2,0.86,0.57,0.62,0.43,,,24,9,7,14
2004,ZIM,USA,0.5,0.64,3,0,0.68,0.54,0.43,0.44,,,24,38,32,65
2005,BEL,RUS,0.55,0.61,2,4,0.63,0.62,0.52,0.3,160,157,24,35,29,54
2005,FRA,RUS,0.65,0.64,4,2,0.78,0.65,0.41,0.5,162,159,24,25,32,32
2005,FRA,RUS,0.65,0.56,2,0,0.69,0.62,0.5,0.48,167,152,24,22,20,24
2005,FRA,BEL,0.7,0.6,4,1,0.67,0.58,0.65,0.31,167,168,24,18,16,19
2005,RUS,RUS,0.64,0.56,1,1,0.51,0.67,0.38,0.32,156,152,24,41,38,48
2005,CZE,CRO,0.61,0.6,4,1,0.62,0.58,0.64,0.27,160,164,24,9,21,27
2005,USA,RUS,0.6,0.53,1,0,0.7,0.41,0.5,0.38,164,152,24,4,25,17
2005,GER,ITA,0.62,0.46,2,5,0.58,0.58,0.49,0.46,151,159,24,26,46,52
2006,FRA,SUI,0.68,0.52,1,1,0.64,0.58,0.41,0.32,159,152,24,13,15,14
2006,USA,CRO,0.75,0.67,2,1,0.79,0.35,0.63,0.31,162,148,24,2,13,14
2006,RUS,ESP,0.57,0.63,7,0,0.86,0.31,0.56,0.33,175,148,24,3,9,3
2006,BEL,USA,0.68,0.68,4,5,0.78,0.68,0.65,0.4,167,164,24,17,10,24
2006,BEL,ITA,0.51,0.66,1,0,0.67,0.44,0.82,0.38,162,144,24,3,23,19
2007,USA,SRB,0.55,0.56,1,3,0.83,0.61,0.63,0.5,178,167,24,18,19,19
2007,RUS,USA,0.69,0.64,5,3,0.79,0.71,0.59,0.4,165,168,24,15,16,18
2007,USA,ROU,0.59,0.49,1,0,0.81,0.52,0.5,0.54,178,156,24,8,20,17
2007,ITA,FRA,0.57,0.69,5,0,0.81,0.57,0.61,0.38,162,154,24,14,19,18
2007,USA,HUN,0.58,0.55,5,0,0.82,0.55,0.44,0.28,180,154,24,6,19,18
2008,USA,USA,0.67,0.61,7,8,0.66,0.69,0.5,0.45,164,170,24,36,28,45
2008,ITA,FRA,0.42,0.61,2,3,0.55,0.52,0.57,0.23,154,157,24,19,21,40
2008,USA,FRA,0.69,0.49,4,1,0.9,0.68,0.54,0.35,162,160,24,10,11,17
2009,UKR,SRB,0.64,0.59,0,3,0.59,0.59,0.44,0.48,149,156,24,34,42,50
2009,FRA,GER,0.6,0.56,4,1,0.59,0.61,0.59,0.35,159,146,24,12,29,30
2009,CHN,ROU,0.56,0.62,0,3,0.68,0.65,0.48,0.27,151,149,24,11,43,34
2010,USA,CAN,0.56,0.58,4,8,0.88,0.73,0.48,0.45,183,175,24,27,12,23
2010,RUS,AUT,0.66,0.58,0,0,0.69,0.47,0.36,0.39,154,157,24,8,35,27
2010,SVK,RUS,0.56,0.66,2,0,0.6,0.47,0.55,0.45,157,144,24,18,28,31
2011,CHN,BUL,0.59,0.56,5,1,0.63,0.5,0.57,0.44,157,146,24,11,27,19
2011,ITA,SUI,0.64,0.52,2,0,0.78,0.34,0.44,0.44,154,151,24,9,16,31
2003,ARG,AUS,0.73,0.54,0,4,0.63,0.67,0.54,0.48,144,157,23,27,34,46
2003,THA,SVK,0.67,0.69,3,4,0.74,0.55,0.65,0.5,143,154,23,18,18,33
2003,RUS,VEN,0.46,0.55,2,0,0.65,0.44,0.39,0.32,152,141,23,9,29,33
2003,HUN,USA,0.6,0.52,3,3,0.76,0.67,0.43,0.34,138,156,23,24,23,34
2004,USA,IND,0.62,0.49,3,0,0.77,0.54,0.53,0.45,,,23,10,25,24
2005,GER,FRA,0.56,0.59,0,1,0.68,0.63,0.48,0.45,167,157,23,25,32,27
2005,BEL,GER,0.67,0.61,2,1,0.79,0.39,0.57,0.4,160,146,23,9,15,23
2005,SVK,FRA,0.66,0.8,5,0,0.79,0.58,0.53,0.36,167,127,23,2,36,18
2006,FRA,RUS,0.7,0.56,4,1,0.68,0.64,0.52,0.43,164,160,23,25,21,29
2007,SUI,FRA,0.58,0.45,3,0,0.76,0.41,0.63,0.48,148,159,23,17,8,23
2007,SRB,JPN,0.39,0.61,2,1,0.88,0.48,0.48,0.18,165,148,23,5,20,14
2009,RUS,USA,0.5,0.56,1,0,0.79,0.5,0.5,0.29,168,156,23,6,20,11
2010,USA,ITA,0.6,0.6,3,2,0.68,0.52,0.41,0.53,181,154,23,18,33,24
2011,GER,CHN,0.64,0.8,0,0,0.7,0.53,0.36,0.47,146,133,23,23,30,31
2003,USA,RUS,0.59,0.54,10,7,0.58,0.64,0.63,0.33,159,170,22,27,33,50
2003,USA,ITA,0.46,0.68,2,1,0.83,0.57,0.56,0.45,159,144,22,15,23,28
2003,RSA,AUT,0.57,0.6,1,3,0.68,0.64,0.57,0.45,133,154,22,50,28,68
2004,FRA,ITA,0.62,0.52,5,5,0.87,0.59,0.47,0.47,,,22,18,19,24
2004,JPN,CRO,0.56,0.78,2,1,0.93,0.5,0.48,0.6,,,22,10,13,17
2004,FRA,ESP,0.63,0.82,1,0,0.81,0.29,0.44,0.43,,,22,9,8,6
2004,SVK,AUS,0.64,0.52,1,5,0.77,0.56,0.38,0.52,,,22,15,26,16
2004,FRA,USA,0.78,0.42,1,6,0.71,0.75,0.47,0.48,,,22,28,19,27
2005,FRA,GER,0.69,0.46,1,3,0.8,0.68,0.55,0.56,167,168,22,26,9,23
2005,FRA,ISR,0.61,0.68,4,0,0.62,0.49,0.48,0.46,164,141,22,13,42,29
2005,RUS,ARG,0.54,0.66,2,0,0.73,0.5,0.31,0.42,160,149,22,6,33,19
2005,JPN,CZE,0.53,0.52,0,1,0.56,0.58,0.47,0.47,149,146,22,21,44,44
2005,RUS,GRE,0.71,0.57,4,0,0.72,0.43,0.69,0.33,154,144,22,3,23,25
2006,BEL,USA,0.62,0.72,1,1,0.65,0.39,0.5,0.21,162,146,22,9,18,21
2006,RUS,USA,0.5,0.44,2,1,0.75,0.6,0.63,0.28,156,154,22,5,17,15
2006,FRA,CZE,0.77,0.58,8,1,0.75,0.73,0.44,0.32,159,162,22,21,7,28
2006,SRB,CZE,0.73,0.65,4,6,0.72,0.62,0.48,0.45,160,162,22,35,13,38
2006,USA,SRB,0.56,0.42,3,0,0.81,0.64,0.5,0.42,167,167,22,15,17,20
2006,RUS,RUS,0.71,0.66,2,1,0.77,0.42,0.5,0.53,160,157,22,4,11,15
2007,ISR,CZE,0.69,0.64,1,5,0.62,0.66,0.45,0.43,144,162,22,39,41,56
2007,USA,RUS,0.6,0.62,4,1,0.64,0.6,0.56,0.45,168,164,22,20,35,31
2007,BEL,BUL,0.52,0.54,3,0,0.68,0.56,0.7,0.33,167,151,22,10,11,15
2007,SRB,FRA,0.43,0.56,7,1,0.75,0.5,0.5,0.28,168,160,22,8,19,18
2007,RUS,USA,0.56,0.53,5,1,0.91,0.48,0.59,0.25,156,154,22,4,16,15
2009,USA,ITA,0.61,0.57,7,0,0.86,0.79,0.55,0.41,167,154,22,9,19,13
2009,CHN,ITA,0.64,0.46,3,0,0.75,0.45,0.67,0.54,154,157,22,5,19,14
2009,USA,RUS,0.62,0.57,1,5,0.56,0.63,0.42,0.3,152,162,22,30,44,63
2009,ROU,JPN,0.38,0.48,5,1,0.85,0.54,0.63,0.48,160,149,22,15,18,23
2009,IND,BLR,0.63,0.56,2,0,0.63,0.49,0.41,0.55,136,143,22,26,33,44
2010,SRB,FRA,0.71,0.69,6,1,0.78,0.49,0.33,0.35,167,157,22,8,13,13
2010,ISR,ITA,0.64,0.53,0,1,0.66,0.57,0.48,0.52,148,152,22,16,25,23
2010,SRB,CHN,0.52,0.6,1,0,0.78,0.58,0.62,0.13,164,138,22,7,11,19
2010,BEL,AUS,0.51,0.68,2,1,0.65,0.53,0.56,0.06,164,149,22,8,21,25
2010,SRB,ROU,0.61,0.63,1,5,0.6,0.58,0.43,0.38,152,148,22,22,48,36
2010,FRA,ROU,0.63,0.63,7,1,0.79,0.48,0.53,0.47,160,138,22,18,22,39
2011,RUS,USA,0.7,0.62,2,0,0.78,0.61,0.5,0.35,154,148,22,10,27,22
2011,RSA,GER,0.55,0.69,1,2,0.66,0.57,0.35,0.2,160,157,22,21,36,46
2011,RUS,CRO,0.48,0.5,4,2,0.72,0.7,0.51,0.53,162,167,22,23,43,39
2011,DEN,ESP,0.62,0.52,4,2,0.77,0.58,0.63,0.4,159,151,22,14,17,28
2011,USA,SRB,0.51,0.61,4,0,0.89,0.43,0.71,0.44,164,156,22,6,10,13
2004,USA,JPN,0.63,0.68,3,0,0.72,0.48,0.57,0.58,,,21,7,18,23
2004,RUS,BEL,0.53,0.62,3,5,0.86,0.66,0.3,0.31,,,21,15,26,17
2004,FRA,ZIM,0.79,0.45,1,2,0.61,0.59,0.83,0.44,,,21,14,21,26
2004,USA,HUN,0.57,0.61,5,1,0.73,0.55,0.5,0.5,,,21,9,33,35
2005,RUS,CZE,0.58,0.63,9,3,0.73,0.63,0.53,0.5,172,162,21,16,30,38
2005,RUS,GER,0.63,0.6,3,0,0.81,0.57,0.53,0.35,159,148,21,9,18,26
2005,USA,FRA,0.49,0.5,6,2,0.79,0.46,0.6,0.29,162,167,21,6,19,20
2005,JPN,ISR,0.64,0.64,1,1,0.43,0.42,0.52,0.36,148,148,21,13,31,28
2005,BEL,CZE,0.56,0.63,0,0,0.77,0.49,0.71,0.33,170,159,21,6,18,13
2005,RUS,THA,0.69,0.39,3,0,0.66,0.42,0.69,0.41,154,149,21,8,23,28
2005,USA,TPE,0.53,0.7,1,0,0.81,0.52,0.48,0.36,164,146,21,14,26,20
2005,IND,USA,0.57,0.59,0,2,0.65,0.71,0.48,0.41,146,157,21,38,45,52
2006,FRA,GER,0.59,0.66,1,4,0.74,0.56,0.58,0.48,160,160,21,21,18,36
2006,ISR,GER,0.63,0.65,1,0,0.65,0.47,0.52,0.48,144,141,21,17,16,17
2006,FRA,RUS,0.69,0.65,0,3,0.61,0.56,0.67,0.29,148,159,21,8,10,14
2006,FRA,RUS,0.7,0.58,5,15,0.69,0.71,0.49,0.5,164,175,21,54,24,56
2006,BEL,ISR,0.67,0.64,3,0,0.86,0.41,0.82,0.33,167,148,21,5,6,20
2007,RUS,HUN,0.61,0.6,2,5,0.81,0.59,0.65,0.52,156,167,21,16,13,18
2007,FRA,DEN,0.63,0.63,4,0,0.76,0.54,0.38,0.13,156,149,21,11,22,29
2008,RUS,SUI,0.8,0.75,1,1,0.77,0.55,0.2,0.32,151,144,21,18,14,29
2008,RUS,GER,0.65,0.42,5,3,0.71,0.4,0.5,0.44,160,172,21,15,17,28
2009,RUS,CHN,0.62,0.6,6,0,0.77,0.48,0.63,0.32,168,139,21,5,17,15
2009,USA,AUS,0.59,0.53,1,5,0.59,0.59,0.52,0.36,139,167,21,26,20,27
2010,SVK,RUS,0.6,0.63,3,3,0.59,0.71,0.56,0.33,156,152,21,34,25,42
2010,RUS,IND,0.69,0.69,6,0,0.73,0.59,0.32,0.18,157,151,21,11,23,24
2010,BEL,HUN,0.59,0.57,3,2,0.78,0.5,0.58,0.3,162,164,21,11,15,23
2003,ARG,RUS,0.59,0.62,0,2,0.6,0.66,0.68,0.42,148,146,20,19,38,48
2003,USA,FRA,0.61,0.62,3,0,0.7,0.49,0.29,0.45,156,144,20,18,28,33
2003,JPN,ESP,0.67,0.6,0,0,0.82,0.43,0.5,0.21,154,138,20,3,10,19
2003,JPN,BUL,0.67,0.59,1,1,0.74,0.58,0.42,0.38,138,143,20,13,21,22
2003,BEL,USA,0.61,0.65,1,1,0.79,0.51,0.72,0.47,154,156,20,7,16,17
2004,ITA,SLO,0.64,0.47,2,0,0.57,0.22,0.71,0.25,,,20,9,11,21
2004,RUS,FRA,0.66,0.55,1,0,0.72,0.5,0.21,0.22,,,20,15,22,23
2004,RUS,KAZ,0.45,0.47,7,2,0.84,0.45,0.65,0.4,,,20,6,15,26
2005,BEL,VEN,0.68,0.54,4,0,0.87,0.4,0.73,0.29,165,151,20,1,12,12
2005,BEL,COL,0.66,0.57,2,4,0.74,0.52,0.35,0.36,149,152,20,14,19,31
2005,JPN,FRA,0.66,0.64,3,0,0.7,0.49,0.57,0.59,146,151,20,10,30,34
2005,FRA,ITA,0.67,0.52,4,1,0.76,0.52,0.63,0.45,167,160,20,13,12,27
2006,CHN,CZE,0.77,0.65,0,1,0.6,0.61,0.36,0.42,133,144,20,35,28,47
2006,RUS,FRA,0.78,0.66,1,1,0.69,0.55,0.64,0.32,154,164,20,10,24,38
2006,RUS,BEL,0.72,0.53,5,2,0.74,0.66,0.5,0.57,162,167,20,15,24,19
2007,ISR,POL,0.69,0.55,1,0,0.76,0.48,0.53,0.45,146,148,20,4,19,21
2007,RUS,AUT,0.61,0.72,2,0,0.71,0.51,0.5,0.41,157,146,20,8,35,27
2007,SRB,AUT,0.76,0.69,0,0,0.54,0.54,0.6,0.36,139,149,20,27,30,49
2007,SLO,AUS,0.57,0.64,5,4,0.85,0.62,0.6,0.25,152,159,20,17,8,25
2007,AUT,HUN,0.71,0.64,1,1,0.59,0.53,0.57,0.35,144,159,20,8,25,27
2007,FRA,USA,0.67,0.54,5,4,0.83,0.58,0.5,0.23,159,162,20,15,12,28
2009,ITA,IND,0.38,0.45,3,0,0.63,0.2,0.73,0.28,159,141,20,6,10,28
2010,SRB,CRO,0.56,0.46,6,8,0.64,0.65,0.29,0.28,160,173,20,32,19,60
2010,POL,ESP,0.61,0.46,2,3,0.7,0.68,0.58,0.36,146,159,20,32,14,34
2010,USA,UKR,0.67,0.75,0,0,0.79,0.41,0.86,0.56,149,151,20,3,9,15
2010,USA,USA,0.57,0.59,0,4,0.64,0.56,0.33,0.29,144,154,20,31,29,44
2011,AUS,USA,0.65,0.52,2,5,0.73,0.62,0.63,0.33,154,165,20,19,12,25
2011,DEN,RUS,0.72,0.69,2,2,0.64,0.54,0.43,0.33,152,144,20,40,26,78
2011,RUS,UZB,0.53,0.63,3,2,0.76,0.67,0.5,0.22,143,160,20,13,16,26
2011,USA,FRA,0.63,0.57,3,2,0.7,0.54,0.44,0.44,149,159,20,21,28,38
2011,USA,HUN,0.58,0.68,1,0,0.65,0.58,0.6,0.47,152,148,20,25,40,52
2003,USA,ARG,0.6,0.53,5,1,0.74,0.55,0.72,0.42,160,149,19,10,10,25
2003,BEL,USA,0.68,0.48,1,1,0.79,0.69,0.63,0.41,146,157,19,14,18,34
2003,RUS,USA,0.69,0.49,0,1,0.65,0.65,0.36,0.34,151,146,19,24,40,44
2003,BEL,JPN,0.44,0.67,0,0,0.5,0.39,0.64,0.25,164,136,19,6,16,16
2003,FRA,FRA,0.6,0.65,4,4,0.85,0.56,0.59,0.42,164,157,19,13,11,20
2003,RUS,CZE,0.57,0.6,5,3,0.87,0.47,0.53,0.35,173,146,19,8,22,29
2003,RUS,CZE,0.62,0.74,1,0,0.84,0.47,0.47,0.33,146,136,19,8,15,13
2004,FRA,VEN,0.59,0.67,8,1,0.88,0.51,0.47,0.29,,,19,7,15,27
2004,USA,ESP,0.6,0.58,4,1,0.79,0.52,0.63,0.23,,,19,6,19,25
2004,USA,ESP,0.61,0.42,2,0,0.85,0.58,0.47,0.33,,,19,14,19,31
2005,USA,USA,0.69,0.63,1,6,0.76,0.64,0.36,0.38,173,165,19,17,29,30
2005,AUS,JPN,0.52,0.47,1,2,0.62,0.53,0.5,0.42,146,144,19,19,23,41
2006,CRO,JPN,0.64,0.67,3,2,0.62,0.64,0.48,0.32,148,149,19,20,27,23
2006,USA,AUS,0.72,0.6,2,2,0.81,0.52,0.71,0.56,143,165,19,9,10,25
2007,RUS,RUS,0.64,0.54,1,0,0.54,0.42,0.55,0.39,152,152,19,12,35,46
2007,RUS,ISR,0.63,0.76,2,1,0.62,0.35,0.52,0.73,152,143,19,13,23,20
2007,HUN,RUS,0.49,0.62,7,2,0.76,0.73,0.54,0.5,159,168,19,15,20,29
2007,RUS,IND,0.67,0.48,3,0,0.79,0.62,0.56,0.35,157,149,19,9,19,18
2007,RUS,CZE,0.56,0.71,2,1,0.78,0.54,0.48,0.24,162,156,19,8,21,32
2009,USA,RUS,0.62,0.58,0,10,0.55,0.59,0.47,0.4,148,167,19,28,32,59
2009,RUS,AUS,0.69,0.6,1,3,0.6,0.49,0.39,0.34,149,152,19,19,48,65
2009,USA,RUS,0.55,0.55,3,1,0.81,0.61,0.56,0.28,152,151,19,11,14,37
2010,EST,SRB,0.69,0.69,2,1,0.66,0.45,0.55,0.56,146,148,19,13,37,41
2010,RUS,AUS,0.55,0.55,7,6,0.79,0.63,0.51,0.42,167,173,19,24,17,48
2011,ESP,ESP,0.77,0.47,0,2,0.78,0.65,0.42,0.38,136,167,19,10,20,31
2011,ITA,FRA,0.51,0.57,0,3,0.77,0.64,0.48,0.2,151,154,19,20,12,20
2003,BEL,BEL,0.48,0.67,2,0,0.83,0.48,0.35,0.35,160,151,18,12,20,40
2003,BEL,RUS,0.52,0.59,1,0,0.8,0.45,0.57,0.5,162,141,18,9,20,28
2003,BEL,RUS,0.76,0.56,0,0,0.73,0.6,0.29,0.33,149,154,18,7,23,23
2003,RUS,COL,0.65,0.51,0,2,0.62,0.62,0.55,0.47,146,156,18,28,26,51
2003,JPN,FRA,0.58,0.62,1,0,0.62,0.63,0.39,0.29,151,144,18,33,33,42
2003,THA,ITA,0.56,0.64,1,0,0.77,0.47,0.54,0.47,135,141,18,7,20,8
2003,GER,RUS,0.6,0.61,1,2,0.63,0.52,0.41,0.41,146,144,18,25,20,37
2003,COL,JPN,0.54,0.7,2,1,0.77,0.44,0.5,0.41,156,143,18,8,22,27
2004,BEL,USA,0.5,0.59,1,2,0.69,0.57,0.68,0.44,175,162,18,15,21,27
2004,FRA,USA,0.48,0.6,7,1,0.77,0.59,0.52,0.47,,,18,12,16,20
2005,BEL,USA,0.66,0.58,2,2,0.63,0.55,0.47,0.38,162,170,18,20,38,51
2005,SUI,JPN,0.57,0.66,5,0,0.7,0.58,0.7,0.24,156,149,18,8,19,23
2005,BEL,JPN,0.61,0.53,1,0,0.59,0.54,0.72,0.34,159,149,18,3,32,26
2005,FRA,USA,0.68,0.63,0,3,0.72,0.53,0.56,0.36,149,151,18,10,24,24
2005,USA,CHN,0.63,0.62,3,2,0.78,0.53,0.33,0.57,164,156,18,17,20,21
2005,USA,JPN,0.54,0.56,5,0,0.72,0.4,0.52,0.45,172,139,18,12,15,21
2006,RUS,FRA,0.66,0.52,4,1,0.71,0.45,0.63,0.43,165,157,18,19,11,33
2007,POL,RUS,0.57,0.66,1,2,0.53,0.67,0.51,0.23,154,154,18,36,23,49
2007,BEL,RUS,0.63,0.74,3,0,0.77,0.34,0.69,0.42,167,151,18,10,9,17
2007,FRA,AUS,0.55,0.65,2,0,0.77,0.45,0.6,0.65,154,156,18,14,15,31
2009,USA,SVK,0.61,0.55,1,6,0.71,0.67,0.52,0.44,168,170,18,16,25,31
2009,CHN,POR,0.57,0.7,4,0,0.79,0.44,0.67,0.44,159,141,18,2,26,20
2009,SRB,ITA,0.57,0.51,4,2,0.85,0.68,0.5,0.25,162,152,18,11,16,24
2009,BLR,ROU,0.78,0.56,0,0,0.71,0.4,0.56,0.35,146,157,18,5,13,16
2009,USA,USA,0.64,0.6,4,3,0.76,0.63,0.79,0.3,157,157,18,8,19,22
2010,RUS,DEN,0.65,0.68,5,2,0.7,0.55,0.5,0.45,159,160,18,13,25,31
2010,RUS,GER,0.65,0.75,1,0,0.79,0.36,0.33,0.45,159,141,18,11,14,27
2010,RUS,SVK,0.73,0.6,1,1,0.63,0.49,0.53,0.48,156,157,18,16,20,33
2010,USA,FRA,0.64,0.64,3,3,0.64,0.69,0.36,0.35,157,144,18,34,30,49
2010,RUS,BLR,0.52,0.66,4,0,0.71,0.52,0.59,0.4,156,156,18,18,11,28
2011,GER,ITA,0.84,0.58,1,2,0.63,0.42,0.5,0.41,144,144,18,16,13,28
2011,ITA,RUS,0.52,0.6,2,0,0.59,0.59,0.49,0.38,159,160,18,30,35,60
2011,GER,RUS,0.68,0.47,2,1,0.61,0.55,0.53,0.24,148,156,18,22,11,24
2011,USA,ISR,0.52,0.72,5,0,0.81,0.57,0.47,0.31,167,138,18,14,21,38
2011,AUS,USA,0.59,0.56,0,10,0.76,0.64,0.5,0.43,159,167,18,24,22,25
2004,FRA,UKR,0.52,0.57,4,1,0.77,0.72,0.34,0.27,,,17,16,34,36
2004,USA,CZE,0.78,0.67,1,0,0.6,0.59,0.79,0.48,,,17,22,15,29
2005,FRA,SRB,0.67,0.7,3,0,0.71,0.46,0.5,0.31,164,154,17,7,10,14
2006,FRA,RUS,0.59,0.6,0,1,0.69,0.58,0.7,0.19,168,168,17,9,11,27
2007,FRA,CZE,0.58,0.56,5,11,0.69,0.66,0.58,0.57,149,154,17,46,14,32
2007,RUS,AUS,0.69,0.73,5,3,0.85,0.53,0.73,0.46,170,156,17,12,12,20
2007,RUS,CZE,0.7,0.47,4,0,0.65,0.57,0.55,0.46,164,148,17,14,23,29
2007,POL,JPN,0.61,0.67,1,0,0.73,0.47,0.42,0.44,156,151,17,21,14,25
2007,SRB,AUS,0.88,0.62,0,2,0.66,0.64,0.63,0.31,141,160,17,28,11,41
2009,UKR,ARG,0.73,0.57,5,0,0.76,0.43,0.55,0.13,164,151,17,7,6,20
2009,RUS,FRA,0.58,0.45,6,4,0.67,0.6,0.45,0.5,172,162,17,8,40,30
2009,AUS,GER,0.63,0.51,2,6,0.68,0.71,0.45,0.45,151,160,17,39,35,46
2009,ISR,HUN,0.56,0.72,1,0,0.71,0.37,0.58,0.47,141,154,17,11,15,26
2009,BEL,UKR,0.7,0.69,7,0,0.84,0.41,0.57,0.38,162,159,17,7,14,19
2010,BEL,RUS,0.77,0.66,1,1,0.78,0.48,0.55,0.36,156,160,17,6,15,24
2010,RUS,USA,0.67,0.65,1,1,0.8,0.39,0.4,0.2,152,148,17,3,17,19
2010,RUS,ARG,0.59,0.62,1,2,0.7,0.47,0.48,0.32,146,154,17,12,18,22
2010,SUI,ESP,0.63,0.49,1,8,0.83,0.67,0.6,0.51,149,157,17,34,12,33
2010,RUS,SVK,0.62,0.53,1,0,0.83,0.56,0.5,0.33,164,149,17,6,24,30
2011,SRB,USA,0.57,0.58,2,2,0.61,0.48,0.48,0.36,164,159,17,7,26,17
2011,RUS,SRB,0.6,0.72,3,1,0.74,0.56,0.48,0.47,151,159,17,13,25,35
2011,UZB,FRA,0.6,0.49,1,2,0.67,0.71,0.62,0.42,157,164,17,13,32,35
2011,BLR,ARG,0.68,0.53,0,4,0.67,0.59,0.29,0.36,146,149,17,21,25,32
2011,SRB,USA,0.64,0.56,2,1,0.8,0.5,0.64,0.26,162,152,17,7,11,21
2011,BLR,SWE,0.69,0.58,4,2,0.72,0.68,0.77,0.2,152,152,17,13,15,30
2011,ITA,KAZ,0.5,0.54,2,3,0.67,0.71,0.42,0.45,160,159,17,32,38,46
2003,BEL,USA,0.69,0.53,1,2,0.68,0.52,0.47,0.34,152,159,16,13,16,35
2003,USA,ITA,0.58,0.33,3,2,0.66,0.59,0.43,0.29,162,160,16,6,21,28
2003,FRA,THA,0.6,0.53,3,0,0.74,0.53,0.43,0.37,164,139,16,11,20,29
2003,JPN,ITA,0.65,0.57,0,5,0.58,0.69,0.5,0.24,139,157,16,20,40,54
2003,ITA,ARG,0.78,0.55,1,1,0.65,0.64,0.73,0.3,136,143,16,11,16,20
2003,SLO,USA,0.52,0.67,2,4,0.68,0.6,0.65,0.35,151,156,16,19,14,25
2004,USA,JPN,0.64,0.61,5,0,0.84,0.41,0.69,0.5,170,146,16,3,14,13
2004,RUS,BEL,0.67,0.52,2,5,0.68,0.64,0.5,0.33,,,16,14,21,30
2004,JPN,ARG,0.69,0.64,0,0,0.58,0.57,0.59,0.38,,,16,9,32,38
2004,USA,BUL,0.72,0.66,1,3,0.68,0.6,0.63,0.43,,,16,19,14,22
2005,BEL,FRA,0.72,0.67,5,1,0.79,0.52,0.33,0.38,162,164,16,7,19,28
2005,FRA,FRA,0.75,0.6,1,3,0.72,0.66,0.69,0.33,165,165,16,20,11,19
2005,RUS,IND,0.69,0.52,6,1,0.79,0.7,0.62,0.21,164,156,16,10,14,23
2005,USA,ITA,0.68,0.55,4,0,0.72,0.73,0.56,0.33,162,164,16,13,22,24
2005,RUS,JPN,0.71,0.56,5,0,0.76,0.47,0.7,0.28,167,144,16,4,17,24
2005,RUS,CZE,0.58,0.57,2,0,0.72,0.5,0.44,0.56,160,139,16,27,31,48
2007,RUS,BLR,0.53,0.68,3,2,0.71,0.4,0.54,0.53,154,152,16,17,19,25
2007,BEL,GER,0.44,0.6,3,2,0.75,0.55,0.57,0.27,164,165,16,19,13,32
2008,USA,RUS,0.6,0.69,3,2,0.65,0.55,0.48,0.29,162,162,16,21,21,41
2009,DEN,RUS,0.65,0.64,1,9,0.61,0.64,0.43,0.41,151,151,16,59,25,63
2009,ARG,KAZ,0.59,0.69,5,2,0.73,0.68,0.54,0.35,152,162,16,22,15,31
2009,POL,AUT,0.62,0.6,3,0,0.76,0.38,0.67,0.44,149,141,16,7,10,25
2010,DEN,RUS,0.69,0.57,2,2,0.66,0.71,0.52,0.34,157,162,16,32,10,36
2010,BEL,SRB,0.57,0.56,2,0,0.7,0.5,0.48,0.24,160,157,16,16,16,28
2010,BEL,CZE,0.59,0.59,0,1,0.72,0.48,0.45,0.25,160,159,16,14,15,29
2010,RUS,CZE,0.52,0.56,3,2,0.78,0.61,0.64,0.33,164,154,16,6,21,26
2010,RUS,GER,0.67,0.59,2,2,0.54,0.38,0.36,0.34,159,159,16,20,24,43
2010,ISR,FRA,0.47,0.56,1,2,0.76,0.53,0.54,0.33,149,168,16,6,24,22
2010,ITA,ITA,0.48,0.65,3,0,0.81,0.41,0.5,0.08,159,154,16,1,18,26
2010,AUS,AUS,0.63,0.65,8,0,0.72,0.7,0.57,0.31,167,151,16,11,16,19
2010,UKR,CHN,0.62,0.7,3,4,0.7,0.68,0.38,0.38,157,156,16,30,26,45
2010,GER,USA,0.54,0.56,3,1,0.8,0.47,0.71,0.13,160,159,16,6,10,23
2011,USA,SRB,0.63,0.51,9,3,0.83,0.79,0.48,0.29,167,162,16,20,14,29
2011,RUS,GER,0.63,0.4,2,1,0.81,0.61,0.37,0.4,165,157,16,11,11,28
2011,RUS,BEL,0.54,0.75,6,0,0.92,0.33,0.73,0,152,139,16,2,5,14
2011,CZE,USA,0.61,0.51,2,5,0.6,0.65,0.46,0.48,144,167,16,23,38,55
2003,SUI,USA,0.61,0.47,4,5,0.74,0.75,0.58,0.33,138,164,15,21,11,20
2005,FRA,USA,0.68,0.57,1,1,0.65,0.37,0.45,0.36,139,156,15,24,22,50
2005,USA,USA,0.66,0.67,1,0,0.58,0.55,0.42,0.36,149,139,15,20,55,67
2009,BEL,CZE,0.71,0.6,3,4,0.59,0.55,0.52,0.41,167,151,15,30,24,51
2009,UKR,AUS,0.58,0.65,4,1,0.65,0.57,0.52,0.52,157,151,15,21,34,38
2009,CAN,FRA,0.56,0.67,2,0,0.63,0.53,0.52,0.07,154,156,15,9,18,31
2010,SVK,ESP,0.69,0.55,0,1,0.69,0.38,0.37,0.29,139,149,15,6,28,30
2011,SRB,AUS,0.65,0.48,5,1,0.67,0.48,0.33,0.38,162,159,15,11,23,36
2003,RUS,UKR,0.72,0.57,2,3,0.7,0.67,0.44,0.39,151,156,14,24,16,44
2003,FRA,RUS,0.55,0.7,1,5,0.62,0.58,0.67,0.32,143,152,14,20,15,33
2003,THA,SUI,0.57,0.44,5,3,0.77,0.77,0.65,0.45,146,148,14,19,12,29
2003,USA,ESP,0.61,0.72,4,2,0.91,0.35,0.57,0.44,162,143,14,5,9,21
2004,FRA,AUS,0.71,0.49,4,4,0.66,0.79,0.43,0.33,,,14,40,21,56
2004,JPN,SUI,0.55,0.58,2,0,0.57,0.61,0.78,0.25,,,14,8,16,23
2005,RUS,RUS,0.52,0.58,1,1,0.68,0.6,0.41,0.38,146,156,14,14,49,58
2005,RUS,USA,0.49,0.45,3,1,0.7,0.52,0.5,0.33,148,146,14,9,16,36
2005,SVK,ARG,0.58,0.59,5,0,0.9,0.27,0.6,0.41,162,156,14,3,8,23
2005,COL,USA,0.38,0.57,4,1,1,0.25,0.56,0.11,157,148,14,3,7,18
2007,SUI,FRA,0.67,0.49,2,2,0.59,0.56,0.48,0.42,135,175,14,20,18,30
2009,BEL,USA,0.69,0.55,4,7,0.63,0.71,0.72,0.32,167,170,14,26,18,31
2009,BEL,USA,0.68,0.56,0,2,0.64,0.65,0.46,0.45,162,180,14,20,27,24
2009,CHN,GER,0.76,0.68,1,0,0.84,0.65,0.9,0.37,139,154,14,11,15,25
2009,BEL,AUS,0.66,0.64,4,0,0.7,0.61,0.58,0.35,152,159,14,10,24,41
2011,DEN,USA,0.69,0.63,0,0,0.56,0.42,0.5,0.41,151,141,14,24,17,39
2011,CHN,GER,0.71,0.6,1,5,0.75,0.69,0.5,0.39,148,162,14,31,19,44
2011,GER,RUS,0.7,0.29,1,2,0.69,0.8,0.73,0.39,148,164,14,11,25,21
2003,BEL,FRA,0.71,0.68,1,1,0.79,0.53,0.71,0.61,151,165,13,13,13,34
2003,USA,RUS,0.68,0.44,2,3,0.71,0.66,0.56,0.32,141,154,13,22,9,35
2004,JPN,ARG,0.73,0.45,1,0,0.77,0.57,0.31,0.43,,,13,5,21,26
2004,RUS,SVK,0.38,0.61,3,0,0.83,0.36,0.62,0.38,,,13,7,14,30
2006,USA,BUL,0.67,0.71,0,0,0.59,0.46,0.45,0.25,139,148,13,11,21,28
2006,RUS,FIN,0.59,0.68,1,0,0.7,0.54,0.79,0.46,151,152,13,9,11,22
2006,JPN,CZE,0.79,0.65,1,0,0.81,0.33,0.57,0.23,154,152,13,4,9,23
2007,BEL,RUS,0.6,0.5,2,1,0.67,0.41,0.44,0.18,165,165,13,9,9,23
2007,AUT,RUS,0.5,0.53,0,2,0.58,0.57,0.65,0.33,151,151,13,11,14,22
2007,POL,FRA,0.41,0.61,1,0,0.75,0.56,0.66,0.52,154,152,13,18,15,33
2007,CZE,RUS,0.53,0.45,2,2,0.8,0.5,0.61,0.38,170,151,13,10,13,22
2008,SRB,RUS,0.75,0.63,0,0,0.63,0.64,0.5,0.32,149,151,13,24,22,42
2009,BEL,BEL,0.58,0.59,1,1,0.79,0.48,0.45,0.21,160,151,13,8,19,34
2009,ITA,CAN,0.34,0.55,2,0,0.85,0.25,0.48,0.35,162,157,13,3,18,27
2009,RUS,RUS,0.73,0.53,0,0,0.7,0.68,0.5,0.3,159,160,13,17,12,26
2010,ITA,RUS,0.56,0.63,1,0,0.88,0.59,0.63,0.31,148,138,13,5,14,29
2010,ITA,USA,0.55,0.79,2,1,0.91,0.52,0.5,0.22,152,148,13,6,19,27
2011,USA,SVK,0.66,0.58,2,3,0.65,0.68,0.38,0.41,144,162,13,22,41,56
2004,USA,USA,0.74,0.61,2,5,0.65,0.6,0.54,0.64,,,12,25,29,57
2004,RUS,RUS,0.68,0.41,0,1,0.55,0.64,0.35,0.43,,,12,31,38,63
2004,GRE,RUS,0.71,0.61,2,2,0.64,0.55,0.47,0.29,,,12,15,18,27
2004,FRA,JPN,0.49,0.56,2,1,0.57,0.35,0.25,0.29,,,12,16,25,40
2005,RUS,MAD,0.64,0.65,0,2,0.81,0.43,0.58,0.19,139,144,12,10,6,18
2007,ISR,USA,0.69,0.52,2,0,0.74,0.6,0.44,0.26,151,160,12,15,13,30
2007,SRB,BLR,0.68,0.6,0,0,0.69,0.49,0.47,0.3,152,157,12,17,12,31
2007,AUT,USA,0.55,0.57,3,6,0.77,0.68,0.64,0.54,157,175,12,19,17,36
2008,RUS,CHN,0.5,0.69,0,0,0.77,0.56,0.64,0.33,159,159,12,3,16,28
2009,ISR,ESP,0.59,0.57,0,0,0.74,0.32,0.56,0.37,139,146,12,6,17,22
2009,RUS,GER,0.6,0.63,0,3,0.69,0.47,0.52,0.44,154,156,12,18,8,26
2009,RUS,ESP,0.67,0.57,2,0,0.83,0.5,0.47,0.28,152,151,12,7,15,29
2010,DEN,SVK,0.68,0.7,3,0,0.67,0.54,0.52,0.4,141,127,12,20,18,43
2011,GER,ESP,0.81,0.64,2,0,0.7,0.54,0.36,0.4,143,138,12,13,22,25
2011,ITA,FRA,0.51,0.58,3,2,0.81,0.76,0.65,0.24,152,154,12,14,10,24
2005,FRA,KAZ,0.56,0.7,3,0,0.8,0.39,0.5,0.31,165,154,11,5,17,29
2006,FRA,USA,0.57,0.7,1,7,0.57,0.7,0.5,0.4,164,164,11,23,25,31
2009,DEN,ROU,0.62,0.5,3,2,0.73,0.63,0.5,0.37,159,160,11,14,17,30
2009,FRA,PAR,0.57,0.6,4,0,0.94,0.32,0.58,0.29,154,149,11,5,8,24
2009,ITA,ROU,0.46,0.54,2,2,0.73,0.59,0.61,0.4,156,143,11,14,25,37
2010,RUS,ROU,0.67,0.81,1,2,0.58,0.52,0.52,0.25,148,143,11,21,30,56
2003,SVK,UKR,0.58,0.6,2,3,0.74,0.62,0.57,0.46,154,156,10,12,32,42
2003,ARG,VEN,0.53,0.52,0,1,0.74,0.41,0.54,0.31,149,146,10,6,20,30
2003,USA,BEL,0.63,0.64,2,4,0.79,0.44,0.57,0.28,156,157,10,10,13,19
2004,RUS,RUS,0.63,0.47,3,1,0.61,0.67,0.65,0.41,,,10,14,16,37
2004,BEL,CZE,0.51,0.51,1,1,0.7,0.5,0.5,0.33,,,10,8,15,26
2004,ITA,USA,0.72,0.55,1,4,0.63,0.68,0.37,0.29,,,10,22,30,46
2005,RUS,SUI,0.58,0.58,1,1,0.65,0.37,0.3,0.43,149,154,10,9,27,37
2006,IND,CRO,0.46,0.45,1,4,0.71,0.57,0.57,0.39,165,173,10,19,21,33
2007,AUS,USA,0.7,0.53,0,0,0.65,0.55,0.48,0.34,146,149,10,36,19,55
2007,UKR,ARG,0.68,0.65,1,0,0.55,0.42,0.55,0.53,146,149,10,10,21,30
2007,JPN,SLO,0.57,0.48,1,2,0.81,0.48,0.7,0.52,152,160,10,14,9,23
2009,ITA,SUI,0.74,0.62,0,3,0.63,0.57,0.38,0.37,136,149,10,25,13,45
2009,DEN,KAZ,0.71,0.53,1,2,0.6,0.39,0.44,0.36,154,157,10,24,16,45
2010,RUS,EST,0.66,0.66,3,0,0.57,0.56,0.52,0.24,148,148,10,18,28,60
2010,DEN,TPE,0.67,0.76,0,0,0.69,0.37,0.43,0.18,143,128,10,13,11,31
2010,ARG,BLR,0.67,0.6,2,0,0.75,0.42,0.67,0.25,162,154,10,3,4,13
2004,JPN,USA,0.64,0.54,0,1,0.67,0.44,0.37,0.41,,,9,12,28,38
2009,BEL,CHN,0.73,0.8,2,1,0.68,0.54,0.71,0.5,157,156,9,9,25,41
2009,DEN,CRO,0.74,0.54,3,0,0.71,0.45,0.67,0.29,151,160,9,13,7,35
2010,BEL,RUS,0.51,0.54,5,3,0.81,0.45,0.6,0.32,165,157,9,4,12,29
2011,DEN,GER,0.62,0.81,0,1,0.59,0.52,0.58,0.36,,,9,24,25,44
2011,USA,AUS,0.65,0.47,3,3,0.68,0.48,0.39,0.27,149,167,9,21,13,45
2011,ESP,GBR,0.55,0.59,3,1,0.81,0.57,0.67,0.5,154,165,9,20,6,32
2003,VEN,USA,0.64,0.53,0,1,0.64,0.45,0.46,0.56,141,138,8,20,23,46
2005,KOR,ARG,0.63,0.56,0,2,0.79,0.49,0.42,0.54,141,154,8,16,9,31
2005,RUS,RUS,0.67,0.63,5,2,0.73,0.48,0.38,0.42,160,157,8,15,8,45
2006,RUS,FRA,0.56,0.6,0,1,0.53,0.6,0.46,0.21,157,157,8,17,27,35
2009,DEN,BEL,0.65,0.6,1,3,0.55,0.53,0.56,0.34,146,160,8,23,14,40
2011,DEN,NED,0.73,0.65,3,0,0.68,0.33,0.29,0.08,157,156,8,9,13,32
2011,ITA,CRO,0.53,0.46,1,0,0.94,0.48,0.69,0.4,164,157,8,10,7,32
2003,ARG,GER,0.53,0.7,2,0,0.53,0.46,0.56,0.3,144,138,7,8,27,48
2004,RUS,RUS,0.45,0.52,0,1,0.67,0.57,0.47,0.35,,,7,14,31,53
2008,SRB,AUT,0.76,0.64,0,0,0.62,0.4,0.36,0.21,154,152,7,12,14,40
2009,BLR,CZE,0.7,0.67,0,0,0.51,0.45,0.67,0.3,136,151,7,4,26,35
2009,BEL,FRA,0.63,0.46,0,2,0.75,0.71,0.47,0.32,149,154,7,13,17,25
2010,DEN,TPE,0.76,0.53,1,0,0.76,0.3,0.44,0.33,156,160,7,6,12,26
2011,EST,THA,0.57,0.73,7,0,0.69,0.59,0.62,0.47,,,7,0,4,4
2011,USA,ITA,0.48,0.56,7,1,0.67,0.72,0.53,0.48,,,7,1,8,6
2006,SRB,RUS,0.65,0.71,0,0,0.64,0.41,0.33,0.14,157,152,6,16,16,39
2008,SRB,DEN,0.62,0.52,0,2,0.75,0.64,0.8,0.7,159,148,6,6,8,9
2010,DEN,USA,0.71,0.57,2,0,0.67,0.43,0.67,0.38,159,162,6,11,7,30
2006,RUS,CHN,0.57,0.68,2,0,0.85,0.51,0.48,0.56,160,160,5,8,25,30
2009,DEN,USA,0.67,0.75,0,0,0.65,0.52,0.55,0.27,154,146,5,11,20,43
2011,ROU,CZE,0.88,0.53,0,1,0.7,0.62,0.5,0.16,115,138,5,19,4,43
2011,ESP,EST,0.44,0.55,5,3,0.78,0.76,0.65,0.3,,,5,3,2,2
2011,ROU,CHN,0.64,0.61,0,0,0.59,0.49,0.59,0.48,131,146,5,22,19,54
2011,RUS,GEO,0.44,0.7,5,0,0.74,0.44,0.36,0.07,,,5,0,9,3
2011,ARG,CAN,0.45,0.53,4,5,0.91,0.58,0.56,0.48,,,4,5,6,2
2011,RUS,ITA,0.58,0.65,4,1,0.67,0.4,0.43,0.48,,,4,1,4,3
2010,UKR,USA,0.64,0.6,1,1,0.53,0.49,0.63,0.32,138,138,3,9,20,38
2011,CRO,NZL,0.43,0.55,3,3,0.48,0.56,0.58,0.54,,,3,3,7,2
2011,GER,USA,0.62,0.55,3,1,0.9,0.67,0.5,0.56,,,3,1,3,0
2011,NED,RUS,0.56,0.63,3,0,0.74,0.59,0.67,0.42,,,3,0,2,3
2011,AUS,BLR,0.48,0.53,2,0,0.76,0.46,0.35,0.35,,,2,0,7,3
2011,GER,ESP,0.63,0.47,2,0,0.67,0.46,0.46,0.63,,,2,0,4,2
2011,UZB,AUT,0.69,0.57,2,0,0.74,0.55,0.53,0.36,,,2,0,3,4
2011,ITA,ROU,0.64,0.6,2,4,0.79,0.62,0.48,0.5,,,2,4,4,2
2011,RUS,RUS,0.57,0.68,1,1,0.86,0.44,0.63,0.4,,,1,1,0,2
2011,GBR,USA,0.62,0.54,1,0,0.58,0.6,0.54,0.4,,,1,0,1,8
2011,GER,ITA,0.59,0.56,0,1,0.57,0.59,0.43,0.35,,,0,1,6,5
2011,RUS,SLO,0.68,0.67,0,3,0.83,0.65,0.79,0.45,,,0,3,1,2
2011,BEL,ROU,0.62,0.47,0,2,0.67,0.61,0.38,0.34,,,0,2,5,5
2011,CHN,RUS,0.73,0.53,0,1,0.62,0.45,0.33,0.49,,,0,1,1,11
2003,RUS,FRA,0.56,0.63,3,0,0.78,0.5,0.44,0.52,139,141,,,,
2003,RUS,LUX,0.52,0.6,2,2,0.72,0.64,0.52,0.35,,,,,,
2003,AUS,ITA,0.74,0.63,0,2,0.6,0.58,0.45,0.41,,,,,,
2003,ESP,ESP,0.53,0.56,4,2,0.88,0.57,0.46,0.44,,,,,,
2003,RUS,SVK,0.47,0.77,2,0,0.65,0.5,0.62,0.46,,,,,,
2003,JPN,SUI,0.68,0.62,2,5,0.7,0.56,0.47,0.48,,,,,,
2003,SLO,SLO,0.69,0.59,3,1,0.71,0.52,0.53,0.43,,,,,,
2003,ITA,ESP,0.39,0.51,3,3,0.85,0.76,0.53,0.46,,,,,,
2003,RUS,HUN,0.62,0.62,2,1,0.68,0.66,0.48,0.33,,,,,,
2003,COL,SUI,0.54,0.57,4,4,0.71,0.64,0.5,0.48,,,,,,
2003,RUS,GER,0.61,0.55,1,1,0.49,0.57,0.58,0.45,,,,,,
2003,AUS,ESP,0.5,0.67,5,4,0.68,0.58,0.49,0.52,,,,,,
2003,RUS,SVK,0.54,0.68,9,2,0.62,0.48,0.52,0.52,,,,,,
2003,ESP,CZE,0.51,0.65,6,0,0.58,0.49,0.57,0.52,,,,,,
2003,SLO,CAN,0.59,0.7,6,9,0.75,0.69,0.53,0.31,,,,,,
2003,ITA,SVK,0.51,0.64,3,1,0.78,0.67,0.65,0.36,,,,,,
2003,ESP,KOR,0.49,0.65,4,1,0.75,0.43,0.41,0.5,,,,,,
2003,RUS,USA,0.55,0.48,0,0,0.68,0.48,0.43,0.38,,,,,,
2003,SVK,USA,0.57,0.46,0,2,0.55,0.5,0.5,0.32,,,,,,
2003,FRA,USA,0.6,0.55,0,1,0.54,0.56,0.45,0.35,,,,,,
2003,FRA,ESP,0.66,0.57,1,1,0.8,0.4,0.54,0.13,,,,,,
2003,SVK,RUS,0.7,0.74,0,6,0.69,0.67,0.5,0.36,,,,,,
2003,SUI,GER,0.69,0.51,2,5,0.81,0.57,0.92,0.45,,,,,,
2003,AUS,USA,0.68,0.59,0,1,0.71,0.5,0.5,0.52,,,,,,
2003,CRO,MAD,0.55,0.64,2,0,0.85,0.48,0.57,0.44,,,,,,
2003,UKR,ESP,0.63,0.67,4,0,0.74,0.55,0.72,0.47,,,,,,
2003,LUX,ISR,0.69,0.7,1,0,0.56,0.46,0.62,0.54,,,,,,
2003,FRA,GER,0.6,0.63,4,0,0.68,0.44,0.61,0.53,,,,,,
2003,JPN,CHN,0.71,0.59,0,1,0.58,0.61,0.64,0.31,,,,,,
2003,USA,USA,0.61,0.46,1,4,0.69,0.58,0.59,0.32,,,,,,
2003,ITA,ITA,0.5,0.54,7,3,0.69,0.66,0.6,0.55,,,,,,
2003,ESP,UKR,0.44,0.64,3,1,0.82,0.66,0.53,0.53,,,,,,
2003,ITA,FRA,0.59,0.56,0,0,0.59,0.58,0.41,0.41,,,,,,
2003,USA,CZE,0.6,0.67,3,0,0.79,0.29,0.42,0.17,,,,,,
2003,ITA,CZE,0.62,0.53,1,3,0.74,0.57,0.53,0.33,,,,,,
2003,UKR,GER,0.6,0.68,3,0,0.84,0.6,0.67,0.55,,,,,,
2003,RUS,ITA,0.47,0.65,7,2,0.81,0.52,0.63,0.33,,,,,,
2003,SLO,USA,0.55,0.42,2,0,0.6,0.6,0.59,0.47,,,,,,
2003,SUI,GRE,0.54,0.74,1,2,0.67,0.44,0.57,0.18,,,,,,
2003,RUS,SVK,0.56,0.57,5,1,0.91,0.79,0.44,0.27,,,,,,
2003,FRA,RUS,0.56,0.7,4,0,0.69,0.57,0.57,0.31,,,,,,
2003,VEN,CZE,0.66,0.61,1,0,0.69,0.58,0.67,0.34,,,,,,
2003,AUT,SVK,0.57,0.63,2,0,0.7,0.52,0.36,0.41,,,,,,
2003,USA,BLR,0.55,0.68,2,1,0.65,0.49,0.53,0.53,,,,,,
2003,USA,CRO,0.55,0.49,4,2,0.7,0.62,0.63,0.44,,,,,,
2003,CZE,ITA,0.63,0.61,4,1,0.57,0.56,0.45,0.48,,,,,,
2003,ESP,USA,0.61,0.48,2,1,0.74,0.72,0.48,0.32,,,,,,
2003,RSA,USA,0.72,0.48,1,0,0.75,0.46,0.55,0.27,,,,,,
2003,RUS,COL,0.65,0.63,2,1,0.71,0.46,0.41,0.38,,,,,,
2003,USA,USA,0.6,0.58,2,0,0.69,0.54,0.63,0.4,,,,,,
2003,AUS,CRO,0.48,0.64,4,0,0.79,0.61,0.58,0.54,,,,,,
2003,RUS,CRO,0.56,0.52,8,0,0.83,0.75,0.53,0.05,,,,,,
2003,HUN,ZIM,0.66,0.6,1,1,0.67,0.55,0.41,0.36,,,,,,
2003,HUN,ARG,0.68,0.54,0,4,0.61,0.52,0.45,0.49,,,,,,
2003,RUS,USA,0.74,0.39,1,1,0.72,0.6,0.73,0.42,,,,,,
2004,RUS,RUS,0.62,0.55,4,3,0.64,0.69,0.61,0.55,,,,,,
2004,ARG,MAD,0.58,0.6,3,1,0.53,0.38,0.5,0.42,,,,,6,2
2004,USA,PUR,0.5,0.71,4,0,0.74,0.46,0.57,0.38,,,,,6,5
2004,GRE,ESP,0.68,0.74,3,3,0.55,0.55,0.57,0.43,,,,,7,3
2004,RUS,ITA,0.69,0.63,1,0,0.72,0.5,0.47,0.48,,,,,2,2
2004,RUS,AUS,0.48,0.53,4,0,0.95,0.65,0.71,0.3,,,,,3,1
2004,ITA,FRA,0.47,0.77,0,0,0.63,0.38,0.42,0.25,,,,,9,4
2004,RUS,FRA,0.65,0.63,1,0,0.57,0.46,0.42,0.33,,,,,5,2
2004,CRO,ISR,0.6,0.64,1,0,0.52,0.56,0.64,0.29,,,,,0,4
2004,VEN,GER,0.63,0.47,0,2,0.57,0.49,0.34,0.36,,,,,7,4
2004,SUI,CZE,0.63,0.7,1,0,0.74,0.5,0.55,0.43,,,,,2,1
2004,ISR,INA,0.64,0.72,2,1,0.76,0.48,0.24,0.56,,,,,1,0
2004,ESP,USA,0.66,0.53,1,4,0.73,0.76,0.6,0.39,,,,,2,11
2004,RUS,RUS,0.6,0.57,0,0,0.64,0.55,0.48,0.37,,,,,5,7
2004,USA,RUS,0.55,0.48,2,3,0.77,0.7,0.56,0.5,,,,,3,2
2004,RUS,CHN,0.75,0.6,6,0,0.76,0.4,0.55,0.41,,,,,2,1
2004,AUS,FRA,0.66,0.57,6,1,0.7,0.65,0.61,0.5,,,,,1,5
2004,ITA,HUN,0.57,0.67,2,2,0.62,0.52,0.54,0.29,,,,,5,2
2004,SLO,RUS,0.61,0.58,4,1,0.76,0.48,0.5,0.48,,,,,3,6
2004,USA,SLO,0.74,0.72,1,0,0.58,0.4,0.55,0.28,,,,,4,6
2004,ESP,CZE,0.83,0.57,2,1,0.56,0.63,0.46,0.25,,,,,0,5
2004,RUS,ESP,0.67,0.55,3,0,0.73,0.44,0.5,0.41,,,,,1,4
2004,GRE,CRO,0.63,0.62,4,6,0.7,0.64,0.53,0.5,,,,,4,2
2004,AUS,COL,0.58,0.62,1,0,0.64,0.51,0.45,0.42,,,,,9,5
2004,SRB,ESP,0.69,0.51,3,2,0.68,0.67,0.4,0.31,,,,,6,6
2004,PUR,VEN,0.74,0.58,0,1,0.72,0.5,0.45,0.16,,,,,2,4
2004,ESP,GER,0.49,0.51,4,3,0.63,0.61,0.53,0.33,,,,,1,11
2004,USA,USA,0.67,0.65,2,1,0.85,0.53,0.62,0.36,,,,,2,3
2004,ARG,CHN,0.64,0.69,0,2,0.69,0.49,0.45,0.41,,,,,5,0
2004,ITA,USA,0.73,0.46,0,3,0.68,0.57,0.48,0.52,,,,,2,4
2004,RUS,AUT,0.59,0.61,5,6,0.66,0.56,0.37,0.43,,,,,8,4
2004,IND,JPN,0.65,0.69,0,0,0.66,0.57,0.42,0.52,,,,,4,3
2004,MAD,USA,0.64,0.57,1,2,0.67,0.66,0.4,0.21,,,,,2,5
2004,USA,LUX,0.62,0.68,3,4,0.65,0.57,0.53,0.48,,,,,3,3
2004,CRO,CRO,0.62,0.43,1,1,0.59,0.68,0.5,0.46,,,,,2,6
2004,ITA,ITA,0.54,0.56,3,0,0.86,0.52,0.5,0.22,,,,,1,5
2004,FRA,SVK,0.63,0.64,10,4,0.68,0.71,0.47,0.37,,,,,3,8
2004,FRA,GER,0.59,0.6,2,0,0.74,0.62,0.41,0.36,,,,,6,3
2004,USA,UKR,0.72,0.59,5,4,0.65,0.63,0.41,0.41,,,,,3,5
2004,FRA,USA,0.7,0.58,0,11,0.65,0.72,0.59,0.41,,,,,10,11
2004,ISR,ITA,0.68,0.7,2,1,0.66,0.61,0.57,0.35,,,,,5,1
2004,ITA,CZE,0.5,0.63,8,0,0.67,0.44,0.76,0.4,,,,,0,2
2004,UKR,USA,0.55,0.55,5,0,0.79,0.63,0.37,0.44,,,,,8,5
2004,RUS,SVK,0.65,0.83,4,0,0.77,0.44,0.5,0.33,,,,,4,0
2004,ESP,CAN,0.61,0.51,5,1,0.76,0.59,0.38,0.46,,,,,8,4
2004,VEN,ESP,0.63,0.56,1,2,0.56,0.64,0.41,0.41,,,,,8,5
2004,COL,SUI,0.42,0.48,1,2,0.73,0.53,0.47,0.41,,,,,6,5
2004,GER,USA,0.56,0.48,4,3,0.75,0.64,0.55,0.46,,,,,4,8
2004,BUL,ITA,0.63,0.62,3,10,0.57,0.65,0.5,0.33,,,,,4,8
2004,RUS,HUN,0.52,0.56,1,0,0.62,0.46,0.58,0.36,,,,,0,5
2004,SUI,ITA,0.61,0.5,2,7,0.68,0.57,0.58,0.35,,,,,3,10
2004,CZE,USA,0.78,0.59,1,4,0.64,0.71,0.37,0.32,,,,,2,1
2004,BEL,GER,0.64,0.61,9,2,0.71,0.62,0.42,0.59,,,,,5,5
2005,FRA,USA,0.64,0.52,0,2,0.66,0.56,0.39,0.41,,,,,,
2005,ISR,GER,0.68,0.76,0,0,0.61,0.56,0.58,0.26,,,,,,
2005,SLO,TPE,0.6,0.7,3,0,0.7,0.45,0.65,0.29,,,,,,
2005,SVK,AUT,0.66,0.59,0,2,0.53,0.52,0.55,0.45,,,,,,
2005,ESP,CRO,0.67,0.43,4,1,0.67,0.41,0.45,0.41,,,,,,
2005,RUS,UKR,0.55,0.5,3,1,0.6,0.6,0.33,0.38,,,,,,
2005,CRO,FRA,0.62,0.6,3,3,0.65,0.66,0.38,0.46,,,,,,
2005,ARG,USA,0.61,0.56,3,6,0.71,0.68,0.41,0.36,,,,,,
2005,FIN,CHN,0.72,0.57,1,4,0.55,0.61,0.5,0.4,,,,,,
2005,FRA,CZE,0.64,0.53,0,1,0.68,0.35,0.42,0.3,,,,,,
2006,FRA,RUS,0.67,0.85,2,1,0.67,0.44,0.73,0.5,,,,,,
2006,SWE,ESP,0.67,0.69,3,0,0.7,0.48,0.38,0.4,,,,,,
2006,USA,CZE,0.44,0.46,3,0,0.88,0.61,0.64,0.24,,,,,,
2006,RUS,POL,0.63,0.66,1,2,0.71,0.51,0.5,0.58,,,,,,
2006,GER,BLR,0.83,0.75,1,0,0.6,0.52,0.5,0.41,,,,,,
2006,SRB,ARG,0.55,0.57,3,1,0.71,0.65,0.57,0.4,,,,,,
2006,ITA,CHN,0.62,0.55,5,0,0.69,0.45,0.63,0.5,,,,,,
2006,ISR,RUS,0.49,0.61,1,0,0.61,0.54,0.53,0.21,,,,,,
2006,FRA,FRA,0.7,0.81,6,0,0.59,0.58,0.47,0.48,,,,,,
2006,FRA,POL,0.53,0.7,1,3,0.78,0.63,0.58,0.5,,,,,,
2006,FRA,USA,0.67,0.64,2,1,0.57,0.41,0.71,0.3,,,,,,
2006,AUS,UKR,0.54,0.63,9,5,0.7,0.68,0.44,0.42,,,,,,
2007,RUS,RUS,0.71,0.46,1,4,0.66,0.68,0.56,0.35,,,,,,
2007,UKR,GRE,0.62,0.71,3,1,0.6,0.52,0.41,0.37,,,,,,
2007,RUS,GER,0.61,0.65,1,0,0.78,0.5,0.53,0.18,,,,,,
2007,SUI,CZE,0.7,0.67,7,3,0.71,0.56,0.75,0.24,,,,,,
2007,ITA,CHN,0.73,0.8,4,4,0.66,0.67,0.46,0.5,,,,,,
2007,HUN,GER,0.67,0.69,5,0,0.73,0.55,0.69,0.29,,,,,,
2007,AUS,KAZ,0.55,0.48,3,5,0.75,0.65,0.75,0.39,,,,,,
2007,ISR,USA,0.67,0.73,3,0,0.69,0.6,0.41,0.39,,,,,,
2007,CRO,RUS,0.76,0.68,4,1,0.65,0.59,0.56,0.33,,,,,,
2007,FRA,FRA,0.69,0.63,5,0,0.76,0.31,0.47,0.47,,,,,,
2007,BLR,SUI,0.61,0.47,0,0,0.72,0.32,0.81,0.56,,,,,,
2007,USA,USA,0.62,0.54,2,2,0.82,0.63,0.48,0.35,,,,,,
2007,FRA,ROU,0.61,0.74,3,0,0.64,0.55,0.71,0.39,,,,,,
2007,FRA,UKR,0.88,0.64,0,1,0.7,0.53,0.67,0.25,,,,,,
2007,SVK,ITA,0.66,0.59,0,1,0.64,0.45,0.39,0.48,,,,,,
2007,FRA,GER,0.46,0.56,4,1,0.84,0.66,0.55,0.4,,,,,,
2007,ESP,CAN,0.55,0.44,0,2,0.67,0.5,0.51,0.48,,,,,,
2007,USA,FRA,0.79,0.62,3,2,0.73,0.62,0.8,0.22,,,,,,
2007,RUS,SUI,0.7,0.58,2,2,0.79,0.55,0.5,0.36,,,,,,
2007,NED,ITA,0.5,0.62,3,4,0.8,0.41,0.55,0.29,,,,,,
2007,AUS,UKR,0.75,0.6,1,4,0.75,0.71,0.44,0.52,,,,,,
2007,UKR,ESP,0.62,0.86,1,0,0.61,0.5,0.44,0.5,,,,,,
2007,DEN,ISR,0.53,0.62,0,4,0.57,0.68,0.55,0.32,,,,,,
2007,BLR,SWE,0.78,0.64,1,2,0.57,0.56,0.38,0.34,,,,,,
2007,RUS,USA,0.65,0.48,0,1,0.73,0.43,0.35,0.4,,,,,,
2007,RUS,COL,0.62,0.67,2,0,0.69,0.53,0.62,0.33,,,,,,
2007,CZE,AUS,0.66,0.51,6,4,0.74,0.55,0.4,0.42,,,,,,
2007,RUS,RUS,0.46,0.64,4,0,0.67,0.42,0.5,0.5,,,,,,
2007,RUS,GER,0.61,0.61,2,4,0.63,0.54,0.46,0.42,,,,,,
2007,ITA,BLR,0.65,0.51,3,4,0.72,0.59,0.4,0.44,,,,,,
2007,GRE,AUT,0.78,0.74,0,0,0.63,0.49,0.36,0.31,,,,,,
2007,FRA,ARG,0.5,0.53,1,1,0.73,0.45,0.45,0.56,,,,,,
2007,RUS,CHN,0.51,0.47,2,0,0.86,0.69,0.52,0.45,,,,,,
2007,ITA,TPE,0.39,0.68,3,1,0.79,0.5,0.57,0.36,,,,,,
2007,ROU,USA,0.56,0.74,1,1,0.55,0.59,0.45,0.33,,,,,,
2007,AUT,THA,0.7,0.68,3,1,0.69,0.5,0.22,0.42,,,,,,
2007,CZE,USA,0.72,0.56,4,2,0.67,0.55,0.39,0.43,,,,,,
2007,GER,USA,0.72,0.71,0,1,0.71,0.57,0.75,0.41,,,,,,
2007,ITA,CZE,0.64,0.64,3,1,0.66,0.52,0.57,0.55,,,,,,
2007,RUS,ITA,0.62,0.57,5,1,0.73,0.77,0.6,0.35,,,,,,
2008,GER,FRA,0.4,0.58,8,2,0.86,0.65,0.37,0.35,181,159,,,33,11
2008,FRA,ITA,0.61,0.55,1,3,0.57,0.56,0.57,0.53,154,152,,,52,32
2008,USA,UKR,0.52,0.76,9,0,0.91,0.51,0.6,0.33,181,149,,,25,15
2008,USA,JPN,0.71,0.59,4,1,0.79,0.63,0.41,0.37,168,157,,,23,15
2008,POL,SVK,0.63,0.73,4,0,0.73,0.63,0.59,0.17,149,149,,,10,24
2008,FRA,FRA,0.62,0.44,1,3,0.83,0.74,0.45,0.46,159,172,,,14,31
2008,RUS,SUI,0.57,0.42,4,4,0.73,0.64,0.32,0.38,159,160,,,41,26
2008,ITA,RUS,0.57,0.5,9,8,0.78,0.64,0.51,0.53,165,175,,,34,43
2008,RUS,GBR,0.73,0.57,0,2,0.63,0.48,0.42,0.35,154,159,,,22,38
2008,SLO,RUS,0.54,0.71,13,10,0.75,0.71,0.52,0.5,162,149,,,30,36
2008,SRB,CHN,0.53,0.61,3,0,0.58,0.54,0.46,0.27,152,143,,,25,41
2008,CHN,RUS,0.59,0.69,2,2,0.71,0.59,0.58,0.48,152,148,,,32,35
2008,SUI,SVK,0.67,0.57,1,3,0.63,0.6,0.46,0.34,148,165,,,36,52
2008,DEN,BLR,0.69,0.66,2,3,0.73,0.58,0.5,0.52,152,151,,,14,47
2008,FRA,USA,0.62,0.55,5,2,0.8,0.61,0.36,0.39,159,165,,,15,33
2008,AUT,UKR,0.71,0.68,0,1,0.78,0.48,0.62,0.48,,,,,,
2008,UKR,GER,0.62,0.56,0,5,0.55,0.71,0.47,0.31,,,,,,
2008,SVK,ROU,0.75,0.53,1,2,0.61,0.62,0.62,0.26,,,,,,
2008,RUS,TPE,0.65,0.43,4,1,0.8,0.57,0.45,0.47,,,,,,
2008,USA,PAR,0.65,0.52,3,0,0.81,0.56,0.59,0.43,168,148,,,17,17
2008,RUS,ITA,0.59,0.59,6,1,0.71,0.66,0.5,0.35,162,157,,,17,14
2008,FRA,USA,0.6,0.56,0,3,0.49,0.68,0.42,0.4,148,151,,,50,38
2008,SUI,TPE,0.48,0.62,3,0,0.71,0.54,0.62,0.61,,,,,,
2008,FRA,CZE,0.49,0.53,5,3,0.84,0.78,0.47,0.28,,,,,,
2008,ITA,HUN,0.59,0.52,2,0,0.75,0.68,0.47,0.48,,,,,,
2008,USA,RUS,0.44,0.73,1,6,0.55,0.72,0.2,0.42,162,168,,,24,13
2008,FRA,EST,0.53,0.62,3,1,0.68,0.58,0.44,0.32,164,164,,,27,45
2008,ITA,CHN,0.55,0.65,7,1,0.73,0.62,0.73,0.62,164,149,,,33,37
2008,POL,COL,0.58,0.65,2,1,0.69,0.41,0.65,0.5,143,148,,,13,29
2008,JPN,BLR,0.48,0.61,1,3,0.55,0.49,0.43,0.39,156,149,,,49,44
2008,GER,AUS,0.43,0.57,7,3,0.82,0.56,0.7,0.35,178,152,,,18,17
2008,FRA,SRB,0.55,0.66,5,0,0.83,0.68,0.5,0.5,172,157,,,27,34
2008,RUS,ROU,0.64,0.54,7,10,0.83,0.69,0.7,0.4,152,167,,,13,17
2008,SUI,RUS,0.7,0.56,3,1,0.75,0.59,0.93,0.48,149,154,,,15,32
2008,UKR,RUS,0.63,0.65,5,3,0.62,0.56,0.5,0.37,164,160,,,23,30
2008,USA,RUS,0.54,0.61,8,5,0.79,0.48,0.4,0.48,165,164,,,23,27
2008,AUT,FRA,0.75,0.56,0,0,0.69,0.62,0.77,0.41,148,162,,,17,49
2008,SLO,AUT,0.58,0.72,7,0,0.72,0.45,0.42,0.33,,,,,,
2008,SVK,AUT,0.61,0.62,5,0,0.74,0.54,0.71,0.25,,,,,,
2008,CHN,ITA,0.59,0.63,4,0,0.68,0.49,0.53,0.47,156,130,,,49,21
2008,RUS,FRA,0.57,0.51,1,0,0.77,0.52,0.45,0.17,157,167,,,19,25
2008,SRB,SWE,0.72,0.65,3,0,0.67,0.56,0.29,0.41,149,141,,,47,54
2008,FRA,ESP,0.58,0.62,0,2,0.69,0.54,0.54,0.42,154,144,,,22,26
2008,DEN,ITA,0.69,0.55,4,0,0.79,0.38,0.47,0.43,151,143,,,18,27
2008,RUS,RUS,0.55,0.44,0,5,0.66,0.69,0.44,0.4,,,,,,
2008,GBR,ITA,0.58,0.42,7,0,0.67,0.71,0.46,0.42,,,,,,
2008,CHN,ESP,0.44,0.75,0,0,0.68,0.5,0.57,0.42,144,136,,,31,25
2008,BLR,CZE,0.69,0.69,4,3,0.77,0.59,0.64,0.39,,,,,,
2008,JPN,SLO,0.54,0.76,1,0,0.62,0.5,0.45,0.48,151,133,,,37,40
2008,RUS,FRA,0.46,0.54,0,7,0.69,0.81,0.27,0.33,,,,,,
2008,PAR,CZE,0.77,0.73,1,0,0.6,0.52,0.38,0.52,,,,,,
2008,GER,SVK,0.46,0.56,7,0,0.96,0.64,0.56,0.5,183,149,,,12,15
2008,USA,UKR,0.63,0.57,6,1,0.92,0.61,0.79,0.44,164,157,,,11,17
2008,ROU,ROU,0.68,0.56,6,3,0.79,0.42,0.69,0.37,,,,,,
2008,GER,ESP,0.57,0.63,4,4,0.7,0.74,0.54,0.29,,,,,,
2008,FRA,FRA,0.59,0.69,3,0,0.77,0.42,0.5,0.63,152,133,,,31,20
2008,SUI,FRA,0.44,0.52,4,0,0.65,0.53,0.59,0.29,,,,,,
2008,UKR,USA,0.66,0.61,1,1,0.54,0.49,0.39,0.39,146,144,,,38,53
2008,RUS,UKR,0.55,0.57,4,6,0.68,0.54,0.47,0.44,,,,,,
2008,AUS,USA,0.56,0.55,3,3,0.6,0.76,0.6,0.47,,,,,,
2008,SVK,USA,0.79,0.53,1,0,0.56,0.36,0.36,0.51,,,,,,
2008,FRA,FRA,0.5,0.62,4,0,0.56,0.5,0.44,0.23,159,151,,,40,48
2008,TPE,RUS,0.67,0.52,2,2,0.63,0.65,0.48,0.48,,,,,,
2008,FRA,AUS,0.47,0.46,11,1,0.79,0.69,0.42,0.43,,,,,,
2008,USA,AUS,0.5,0.51,1,1,0.8,0.61,0.48,0.33,168,162,,,22,26
2008,USA,POL,0.61,0.65,3,4,0.63,0.68,0.57,0.41,148,157,,,42,40
2008,HUN,USA,0.56,0.58,0,2,0.74,0.58,0.5,0.43,,,,,,
2008,ITA,FRA,0.57,0.58,0,4,0.64,0.49,0.52,0.32,,,,,,
2008,COL,THA,0.64,0.66,1,0,0.61,0.62,0.57,0.44,,,,,,
2008,EST,ROU,0.57,0.79,0,2,0.84,0.55,0.63,0.25,,,,,,
2008,ITA,SUI,0.41,0.59,2,1,0.77,0.55,0.37,0.29,,,,,,
2008,CHN,GRE,0.74,0.59,2,1,0.75,0.57,0.64,0.14,151,157,,,13,19
2008,POL,KAZ,0.66,0.54,0,2,0.61,0.41,0.25,0.28,146,154,,,11,30
2008,ITA,EST,0.54,0.6,3,0,0.73,0.44,0.39,0.3,,,,,,
2008,TPE,RUS,0.63,0.4,1,2,0.57,0.7,0.71,0.39,,,,,,
2008,RUS,USA,0.62,0.71,5,1,0.73,0.67,0.54,0.33,154,156,,,35,21
2008,SRB,RUS,0.57,0.62,5,2,0.77,0.65,0.54,0.4,157,159,,,40,27
2008,CZE,CZE,0.61,0.59,2,1,0.95,0.56,0.5,0.29,,,,,,
2008,FRA,GER,0.64,0.52,3,3,0.63,0.65,0.52,0.35,,,,,,
2008,BLR,CZE,0.63,0.46,0,0,0.58,0.31,0.52,0.48,,,,,,
2008,RUS,CHN,0.59,0.63,1,1,0.73,0.64,0.52,0.35,156,133,,,21,20
2008,RUS,CZE,0.62,0.7,3,0,0.68,0.52,0.65,0.56,160,149,,,20,26
2008,FRA,NZL,0.62,0.65,8,7,0.75,0.66,0.48,0.45,,,,,,
2008,FRA,KAZ,0.58,0.45,3,1,0.82,0.56,0.63,0.43,162,160,,,9,28
2008,SRB,USA,0.8,0.61,2,1,0.8,0.52,0.56,0.5,154,170,,,13,33
2008,ESP,CZE,0.63,0.59,0,5,0.57,0.56,0.58,0.38,,,,,,
2008,AUT,RUS,0.67,0.68,0,2,0.63,0.55,0.42,0.35,,,,,,
2008,AUT,JPN,0.55,0.6,0,0,0.44,0.79,0.56,0.63,152,148,,,38,17
2008,ITA,CRO,0.76,0.62,0,1,0.71,0.59,0.92,0.57,,,,,,
2008,UKR,UKR,0.6,0.61,5,2,0.69,0.52,0.61,0.48,,,,,,
2008,DEN,USA,0.62,0.49,2,3,0.85,0.54,0.69,0.4,149,146,,,8,36
2008,BLR,CZE,0.68,0.47,4,0,0.69,0.73,0.73,0.12,,,,,,
2008,RUS,RUS,0.54,0.61,1,0,0.68,0.65,0.46,0.45,159,154,,,31,31
2008,RUS,UZB,0.61,0.66,3,6,0.74,0.65,0.67,0.5,154,167,,,20,31
2008,RUS,USA,0.64,0.56,3,1,0.61,0.44,0.37,0.4,,,,,,
2008,SUI,RUS,0.55,0.59,4,0,0.67,0.65,0.53,0.5,,,,,,
2008,FRA,USA,0.55,0.59,2,4,0.78,0.51,0.38,0.38,162,162,,,23,33
2008,AUT,ESP,0.73,0.49,0,0,0.83,0.5,0.45,0.4,,,,,,
2008,ESP,BUL,0.61,0.58,0,1,0.53,0.51,0.55,0.36,151,152,,,43,30
2008,SVK,ARG,0.66,0.67,4,0,0.76,0.4,0.53,0.47,,,,,,
2008,SWE,CHN,0.51,0.65,2,2,0.59,0.63,0.19,0.31,,,,,,
2008,USA,CAN,0.47,0.7,3,1,0.68,0.58,0.58,0.17,167,154,,,26,23
2008,CHN,ISR,0.71,0.69,3,0,0.63,0.55,0.58,0.42,159,144,,,40,31
2008,SLO,BEL,0.54,0.58,4,2,0.78,0.6,0.53,0.52,,,,,,
2008,GBR,USA,0.48,0.56,3,2,0.74,0.48,0.52,0.3,,,,,,
2008,ITA,FRA,0.73,0.53,0,0,0.72,0.54,0.45,0.19,,,,,,
2008,ROU,CZE,0.51,0.64,7,3,0.67,0.6,0.47,0.43,,,,,,
2008,RUS,AUS,0.54,0.56,8,0,0.8,0.52,0.42,0.4,,,,,,
2008,RUS,ESP,0.59,0.73,5,5,0.69,0.39,0.33,0.43,,,,,,
2008,CHN,USA,0.57,0.45,0,3,0.77,0.58,0.43,0.34,,,,,,
2008,ITA,ESP,0.51,0.61,5,0,0.69,0.65,0.59,0.45,,,,,,
2008,CZE,ITA,0.57,0.52,1,3,0.8,0.54,0.8,0.38,,,,,,
2009,BEL,CHN,0.72,0.69,2,0,0.57,0.48,0.43,0.4,,,,,,
2009,ARG,UKR,0.59,0.64,4,2,0.63,0.53,0.58,0.33,,,,,,
2009,CHN,FRA,0.78,0.61,0,3,0.59,0.63,0.35,0.35,,,,,,
2009,UKR,USA,0.6,0.42,2,0,0.8,0.38,0.59,0.36,,,,,,
2009,ROU,CAN,0.5,0.67,10,0,0.76,0.63,0.37,0.38,,,,,,
2009,CZE,ITA,0.53,0.54,0,2,0.66,0.59,0.52,0.32,,,,,,
2009,BEL,ESP,0.62,0.65,3,0,0.71,0.46,0.41,0.32,,,,,,
2009,ITA,SUI,0.52,0.44,4,1,0.75,0.61,0.69,0.52,,,,,,
2009,ESP,GER,0.49,0.68,2,1,0.59,0.65,0.63,0.42,,,,,,
2009,SVK,TPE,0.52,0.59,0,1,0.63,0.46,0.54,0.53,,,,,,
2009,USA,SLO,0.64,0.72,3,2,0.69,0.44,0.44,0.43,,,,,,
2009,ITA,USA,0.59,0.55,0,2,0.86,0.52,0.45,0.24,,,,,,
2009,RUS,SLO,0.67,0.64,7,2,0.79,0.66,0.5,0.26,,,,,,
2009,UKR,RUS,0.74,0.51,0,0,0.57,0.5,0.45,0.39,,,,,,
2009,AUS,ESP,0.62,0.58,2,0,0.69,0.52,0.52,0.35,,,,,,
2009,ARG,RUS,0.53,0.47,4,8,0.67,0.63,0.51,0.45,,,,,,
2009,CHN,AUS,0.57,0.57,3,1,0.68,0.41,0.52,0.35,,,,,,
2009,CZE,RUS,0.64,0.52,5,2,0.62,0.58,0.35,0.31,,,,,,
2009,FRA,CZE,0.42,0.53,7,3,0.75,0.73,0.79,0.38,,,,,,
2009,USA,ROU,0.44,0.63,4,0,0.77,0.57,0.64,0.35,,,,,,
2009,KAZ,SLO,0.6,0.56,2,0,0.68,0.58,0.57,0.37,,,,,,
2009,FRA,AUS,0.46,0.54,2,1,0.67,0.64,0.46,0.33,,,,,,
2009,ESP,USA,0.61,0.67,0,1,0.73,0.63,0.57,0.6,,,,,,
2009,GER,POL,0.58,0.5,3,3,0.63,0.68,0.46,0.32,,,,,,
2009,CAN,FRA,0.65,0.42,0,0,0.61,0.44,0.47,0.24,,,,,,
2009,ITA,NED,0.69,0.53,0,5,0.65,0.62,0.57,0.19,,,,,,
2009,SUI,CZE,0.72,0.54,9,1,0.71,0.68,0.45,0.49,,,,,,
2009,LAT,THA,0.47,0.71,4,0,0.56,0.45,0.48,0.38,,,,,,
2009,CRO,FRA,0.69,0.62,3,4,0.74,0.54,0.5,0.39,,,,,,
2009,ITA,AUT,0.47,0.75,0,1,0.68,0.41,0.44,0.33,,,,,,
2009,SVK,CAN,0.51,0.55,4,0,0.82,0.59,0.58,0.45,,,,,,
2009,POR,FRA,0.52,0.7,1,0,0.6,0.58,0.47,0.39,,,,,,
2009,TPE,EST,0.61,0.35,1,5,0.57,0.59,0.38,0.36,,,,,,
2009,RUS,CZE,0.65,0.42,12,10,0.66,0.74,0.59,0.44,,,,,,
2009,SUI,SRB,0.73,0.72,2,0,0.68,0.6,0.47,0.39,,,,,,
2009,CAN,USA,0.55,0.56,5,2,0.89,0.69,0.55,0.65,,,,,,
2009,USA,BLR,0.27,0.63,0,0,0.33,0.6,0.88,0.67,,,,,,
2009,SUI,ITA,0.41,0.59,3,1,0.72,0.47,0.45,0.43,,,,,,
2009,RUS,UKR,0.78,0.78,0,0,0.75,0.49,0.44,0.18,,,,,,
2009,GER,GER,0.73,0.57,1,2,0.54,0.59,0.41,0.3,,,,,,
2009,USA,USA,0.59,0.57,1,3,0.7,0.51,0.33,0.42,,,,,,
2009,ESP,USA,0.69,0.59,2,2,0.73,0.67,0.45,0.52,,,,,,
2009,ESP,AUT,0.58,0.77,4,2,0.57,0.61,0.49,0.38,,,,,,
2009,CZE,POL,0.75,0.65,2,2,0.7,0.61,0.42,0.44,,,,,,
2009,RUS,JPN,0.58,0.73,2,0,0.65,0.59,0.62,0.38,,,,,,
2009,HUN,ITA,0.57,0.59,5,1,0.76,0.65,0.35,0.15,,,,,,
2009,USA,CZE,0.63,0.64,3,0,0.63,0.6,0.57,0.52,,,,,,
2010,SVK,UKR,0.6,0.57,0,3,0.58,0.54,0.46,0.55,,,,,,
2010,ESP,POL,0.64,0.69,1,2,0.65,0.54,0.56,0.41,,,,,,
2010,BEL,GER,0.69,0.48,2,4,0.68,0.71,0.7,0.55,,,,,,
2010,TPE,AUT,0.79,0.63,0,0,0.66,0.59,0.42,0.18,,,,,,
2010,EST,UZB,0.61,0.61,0,4,0.68,0.54,0.41,0.28,,,,,,
2010,CZE,GBR,0.64,0.56,5,1,0.79,0.7,0.5,0.48,,,,,,
2010,ITA,RUS,0.85,0.54,3,0,0.64,0.48,0.4,0.42,,,,,,
2010,LUX,BUL,0.67,0.5,0,2,0.72,0.57,0.5,0.31,,,,,,
2010,ITA,HUN,0.4,0.57,2,1,0.64,0.57,0.58,0.26,,,,,,
2010,AUT,USA,0.72,0.55,2,1,0.6,0.54,0.48,0.33,,,,,,
2010,TPE,GBR,0.75,0.65,0,1,0.64,0.52,0.29,0.46,,,,,,
2010,SVK,SUI,0.45,0.64,1,9,0.71,0.75,0.63,0.56,,,,,,
2010,AUT,CZE,0.51,0.63,1,6,0.72,0.71,0.55,0.45,,,,,,
2010,POL,RUS,0.65,0.52,1,2,0.64,0.36,0.44,0.43,,,,,,
2010,GER,SUI,0.5,0.67,3,2,0.76,0.66,0.59,0.5,,,,,,
2010,RUS,CZE,0.58,0.6,1,2,0.62,0.68,0.53,0.36,,,,,,
2010,UZB,RSA,0.83,0.62,3,1,0.62,0.59,0.55,0.43,,,,,,
2010,CZE,ESP,0.55,0.44,4,2,0.73,0.63,0.41,0.47,,,,,,
2010,SUI,BEL,0.61,0.58,2,4,0.77,0.63,0.6,0.34,,,,,,
2010,USA,ESP,0.56,0.53,1,2,0.65,0.65,0.62,0.43,,,,,,
2010,CHN,USA,0.56,0.49,1,2,0.79,0.69,0.46,0.41,,,,,,
2010,TPE,ESP,0.51,0.56,0,1,0.66,0.46,0.57,0.52,,,,,,
2010,USA,CRO,0.62,0.49,3,2,0.67,0.63,0.68,0.36,,,,,,
2010,LAT,RUS,0.59,0.64,0,0,0.75,0.36,0.5,0,,,,,,
2010,ROU,FRA,0.67,0.35,0,0,0.63,0.42,0.81,0.5,,,,,,
2010,SWE,ROU,0.74,0.63,1,1,0.6,0.47,0.33,0.1,,,,,,
2010,ESP,USA,0.49,0.53,4,0,0.89,0.64,0.49,0.5,,,,,,
2010,CRO,AUS,0.58,0.54,7,0,0.7,0.73,0.63,0.23,,,,,,
2010,ESP,KAZ,0.54,0.56,2,5,0.56,0.58,0.44,0.29,,,,,,
2010,UKR,RUS,0.66,0.55,0,7,0.69,0.6,0.46,0.38,,,,,,
2010,LUX,SLO,0.57,0.65,0,6,0.72,0.74,0.58,0.39,,,,,,
2010,GBR,CRO,0.51,0.54,4,1,0.91,0.56,0.57,0.43,,,,,,
2010,ITA,AUS,0.67,0.65,0,0,0.58,0.25,0.53,0.41,,,,,,
2010,ARG,GER,0.66,0.63,2,1,0.72,0.53,0.45,0.29,,,,,,
2010,AUS,SRB,0.57,0.66,4,0,0.68,0.66,0.4,0.33,,,,,,
2010,ITA,ITA,0.77,0.53,1,1,0.65,0.55,0.42,0.51,,,,,,
2010,ISR,CRO,0.6,0.54,3,1,0.68,0.56,0.52,0.48,,,,,,
2010,RUS,SWE,0.6,0.62,0,0,0.68,0.53,0.52,0.48,,,,,,
2010,RUS,GER,0.71,0.46,1,1,0.68,0.27,0.4,0.46,,,,,,
2010,CZE,CZE,0.66,0.45,5,4,0.7,0.77,0.68,0.53,,,,,,
2010,AUS,CAN,0.63,0.57,1,1,0.72,0.4,0.53,0.21,,,,,,
2010,IND,POR,0.56,0.58,1,0,0.71,0.51,0.5,0.35,,,,,,
2010,HUN,CZE,0.58,0.5,2,0,0.76,0.5,0.72,0.3,,,,,,
2010,FRA,CZE,0.54,0.52,3,0,0.7,0.55,0.52,0.33,,,,,,
2010,AUT,CZE,0.81,0.74,0,1,0.62,0.36,0.22,0.27,,,,,,
2010,CHN,SUI,0.7,0.6,0,1,0.61,0.52,0.46,0.41,,,,,,
2010,BUL,CZE,0.4,0.68,1,3,0.76,0.53,0.53,0.45,,,,,,
2010,FRA,ITA,0.61,0.65,1,0,0.67,0.64,0.44,0.47,,,,,,
2010,CAN,RUS,0.53,0.73,10,1,0.75,0.57,0.51,0.79,,,,,,
2011,ESP,ROU,0.7,0.71,0,0,0.61,0.46,0.54,0.64,,,,,2,1
2011,ROU,ROU,0.79,0.73,0,0,0.66,0.49,0.4,0.08,,,,,0,3
